Date,Year,MonthNumber,Month,YYYY-MM,DayOfWeekNumber,DayOfWeek
2011-01-01 00:00:00,2011,1,January,2011-01,7,Saturday
2011-01-02 00:00:00,2011,1,January,2011-01,1,Sunday
2011-01-03 00:00:00,2011,1,January,2011-01,2,Monday
2011-01-04 00:00:00,2011,1,January,2011-01,3,Tuesday
2011-01-05 00:00:00,2011,1,January,2011-01,4,Wednesday
2011-01-06 00:00:00,2011,1,January,2011-01,5,Thursday
2011-01-07 00:00:00,2011,1,January,2011-01,6,Friday
2011-01-08 00:00:00,2011,1,January,2011-01,7,Saturday
2011-01-09 00:00:00,2011,1,January,2011-01,1,Sunday
2011-01-10 00:00:00,2011,1,January,2011-01,2,Monday
2011-01-11 00:00:00,2011,1,January,2011-01,3,Tuesday
2011-01-12 00:00:00,2011,1,January,2011-01,4,Wednesday
2011-01-13 00:00:00,2011,1,January,2011-01,5,Thursday
2011-01-14 00:00:00,2011,1,January,2011-01,6,Friday
2011-01-15 00:00:00,2011,1,January,2011-01,7,Saturday
2011-01-16 00:00:00,2011,1,January,2011-01,1,Sunday
2011-01-17 00:00:00,2011,1,January,2011-01,2,Monday
2011-01-18 00:00:00,2011,1,January,2011-01,3,Tuesday
2011-01-19 00:00:00,2011,1,January,2011-01,4,Wednesday
2011-01-20 00:00:00,2011,1,January,2011-01,5,Thursday
2011-01-21 00:00:00,2011,1,January,2011-01,6,Friday
2011-01-22 00:00:00,2011,1,January,2011-01,7,Saturday
2011-01-23 00:00:00,2011,1,January,2011-01,1,Sunday
2011-01-24 00:00:00,2011,1,January,2011-01,2,Monday
2011-01-25 00:00:00,2011,1,January,2011-01,3,Tuesday
2011-01-26 00:00:00,2011,1,January,2011-01,4,Wednesday
2011-01-27 00:00:00,2011,1,January,2011-01,5,Thursday
2011-01-28 00:00:00,2011,1,January,2011-01,6,Friday
2011-01-29 00:00:00,2011,1,January,2011-01,7,Saturday
2011-01-30 00:00:00,2011,1,January,2011-01,1,Sunday
2011-01-31 00:00:00,2011,1,January,2011-01,2,Monday
2011-02-01 00:00:00,2011,2,February,2011-02,3,Tuesday
2011-02-02 00:00:00,2011,2,February,2011-02,4,Wednesday
2011-02-03 00:00:00,2011,2,February,2011-02,5,Thursday
2011-02-04 00:00:00,2011,2,February,2011-02,6,Friday
2011-02-05 00:00:00,2011,2,February,2011-02,7,Saturday
2011-02-06 00:00:00,2011,2,February,2011-02,1,Sunday
2011-02-07 00:00:00,2011,2,February,2011-02,2,Monday
2011-02-08 00:00:00,2011,2,February,2011-02,3,Tuesday
2011-02-09 00:00:00,2011,2,February,2011-02,4,Wednesday
2011-02-10 00:00:00,2011,2,February,2011-02,5,Thursday
2011-02-11 00:00:00,2011,2,February,2011-02,6,Friday
2011-02-12 00:00:00,2011,2,February,2011-02,7,Saturday
2011-02-13 00:00:00,2011,2,February,2011-02,1,Sunday
2011-02-14 00:00:00,2011,2,February,2011-02,2,Monday
2011-02-15 00:00:00,2011,2,February,2011-02,3,Tuesday
2011-02-16 00:00:00,2011,2,February,2011-02,4,Wednesday
2011-02-17 00:00:00,2011,2,February,2011-02,5,Thursday
2011-02-18 00:00:00,2011,2,February,2011-02,6,Friday
2011-02-19 00:00:00,2011,2,February,2011-02,7,Saturday
2011-02-20 00:00:00,2011,2,February,2011-02,1,Sunday
2011-02-21 00:00:00,2011,2,February,2011-02,2,Monday
2011-02-22 00:00:00,2011,2,February,2011-02,3,Tuesday
2011-02-23 00:00:00,2011,2,February,2011-02,4,Wednesday
2011-02-24 00:00:00,2011,2,February,2011-02,5,Thursday
2011-02-25 00:00:00,2011,2,February,2011-02,6,Friday
2011-02-26 00:00:00,2011,2,February,2011-02,7,Saturday
2011-02-27 00:00:00,2011,2,February,2011-02,1,Sunday
2011-02-28 00:00:00,2011,2,February,2011-02,2,Monday
2011-03-01 00:00:00,2011,3,March,2011-03,3,Tuesday
2011-03-02 00:00:00,2011,3,March,2011-03,4,Wednesday
2011-03-03 00:00:00,2011,3,March,2011-03,5,Thursday
2011-03-04 00:00:00,2011,3,March,2011-03,6,Friday
2011-03-05 00:00:00,2011,3,March,2011-03,7,Saturday
2011-03-06 00:00:00,2011,3,March,2011-03,1,Sunday
2011-03-07 00:00:00,2011,3,March,2011-03,2,Monday
2011-03-08 00:00:00,2011,3,March,2011-03,3,Tuesday
2011-03-09 00:00:00,2011,3,March,2011-03,4,Wednesday
2011-03-10 00:00:00,2011,3,March,2011-03,5,Thursday
2011-03-11 00:00:00,2011,3,March,2011-03,6,Friday
2011-03-12 00:00:00,2011,3,March,2011-03,7,Saturday
2011-03-13 00:00:00,2011,3,March,2011-03,1,Sunday
2011-03-14 00:00:00,2011,3,March,2011-03,2,Monday
2011-03-15 00:00:00,2011,3,March,2011-03,3,Tuesday
2011-03-16 00:00:00,2011,3,March,2011-03,4,Wednesday
2011-03-17 00:00:00,2011,3,March,2011-03,5,Thursday
2011-03-18 00:00:00,2011,3,March,2011-03,6,Friday
2011-03-19 00:00:00,2011,3,March,2011-03,7,Saturday
2011-03-20 00:00:00,2011,3,March,2011-03,1,Sunday
2011-03-21 00:00:00,2011,3,March,2011-03,2,Monday
2011-03-22 00:00:00,2011,3,March,2011-03,3,Tuesday
2011-03-23 00:00:00,2011,3,March,2011-03,4,Wednesday
2011-03-24 00:00:00,2011,3,March,2011-03,5,Thursday
2011-03-25 00:00:00,2011,3,March,2011-03,6,Friday
2011-03-26 00:00:00,2011,3,March,2011-03,7,Saturday
2011-03-27 00:00:00,2011,3,March,2011-03,1,Sunday
2011-03-28 00:00:00,2011,3,March,2011-03,2,Monday
2011-03-29 00:00:00,2011,3,March,2011-03,3,Tuesday
2011-03-30 00:00:00,2011,3,March,2011-03,4,Wednesday
2011-03-31 00:00:00,2011,3,March,2011-03,5,Thursday
2011-04-01 00:00:00,2011,4,April,2011-04,6,Friday
2011-04-02 00:00:00,2011,4,April,2011-04,7,Saturday
2011-04-03 00:00:00,2011,4,April,2011-04,1,Sunday
2011-04-04 00:00:00,2011,4,April,2011-04,2,Monday
2011-04-05 00:00:00,2011,4,April,2011-04,3,Tuesday
2011-04-06 00:00:00,2011,4,April,2011-04,4,Wednesday
2011-04-07 00:00:00,2011,4,April,2011-04,5,Thursday
2011-04-08 00:00:00,2011,4,April,2011-04,6,Friday
2011-04-09 00:00:00,2011,4,April,2011-04,7,Saturday
2011-04-10 00:00:00,2011,4,April,2011-04,1,Sunday
2011-04-11 00:00:00,2011,4,April,2011-04,2,Monday
2011-04-12 00:00:00,2011,4,April,2011-04,3,Tuesday
2011-04-13 00:00:00,2011,4,April,2011-04,4,Wednesday
2011-04-14 00:00:00,2011,4,April,2011-04,5,Thursday
2011-04-15 00:00:00,2011,4,April,2011-04,6,Friday
2011-04-16 00:00:00,2011,4,April,2011-04,7,Saturday
2011-04-17 00:00:00,2011,4,April,2011-04,1,Sunday
2011-04-18 00:00:00,2011,4,April,2011-04,2,Monday
2011-04-19 00:00:00,2011,4,April,2011-04,3,Tuesday
2011-04-20 00:00:00,2011,4,April,2011-04,4,Wednesday
2011-04-21 00:00:00,2011,4,April,2011-04,5,Thursday
2011-04-22 00:00:00,2011,4,April,2011-04,6,Friday
2011-04-23 00:00:00,2011,4,April,2011-04,7,Saturday
2011-04-24 00:00:00,2011,4,April,2011-04,1,Sunday
2011-04-25 00:00:00,2011,4,April,2011-04,2,Monday
2011-04-26 00:00:00,2011,4,April,2011-04,3,Tuesday
2011-04-27 00:00:00,2011,4,April,2011-04,4,Wednesday
2011-04-28 00:00:00,2011,4,April,2011-04,5,Thursday
2011-04-29 00:00:00,2011,4,April,2011-04,6,Friday
2011-04-30 00:00:00,2011,4,April,2011-04,7,Saturday
2011-05-01 00:00:00,2011,5,May,2011-05,1,Sunday
2011-05-02 00:00:00,2011,5,May,2011-05,2,Monday
2011-05-03 00:00:00,2011,5,May,2011-05,3,Tuesday
2011-05-04 00:00:00,2011,5,May,2011-05,4,Wednesday
2011-05-05 00:00:00,2011,5,May,2011-05,5,Thursday
2011-05-06 00:00:00,2011,5,May,2011-05,6,Friday
2011-05-07 00:00:00,2011,5,May,2011-05,7,Saturday
2011-05-08 00:00:00,2011,5,May,2011-05,1,Sunday
2011-05-09 00:00:00,2011,5,May,2011-05,2,Monday
2011-05-10 00:00:00,2011,5,May,2011-05,3,Tuesday
2011-05-11 00:00:00,2011,5,May,2011-05,4,Wednesday
2011-05-12 00:00:00,2011,5,May,2011-05,5,Thursday
2011-05-13 00:00:00,2011,5,May,2011-05,6,Friday
2011-05-14 00:00:00,2011,5,May,2011-05,7,Saturday
2011-05-15 00:00:00,2011,5,May,2011-05,1,Sunday
2011-05-16 00:00:00,2011,5,May,2011-05,2,Monday
2011-05-17 00:00:00,2011,5,May,2011-05,3,Tuesday
2011-05-18 00:00:00,2011,5,May,2011-05,4,Wednesday
2011-05-19 00:00:00,2011,5,May,2011-05,5,Thursday
2011-05-20 00:00:00,2011,5,May,2011-05,6,Friday
2011-05-21 00:00:00,2011,5,May,2011-05,7,Saturday
2011-05-22 00:00:00,2011,5,May,2011-05,1,Sunday
2011-05-23 00:00:00,2011,5,May,2011-05,2,Monday
2011-05-24 00:00:00,2011,5,May,2011-05,3,Tuesday
2011-05-25 00:00:00,2011,5,May,2011-05,4,Wednesday
2011-05-26 00:00:00,2011,5,May,2011-05,5,Thursday
2011-05-27 00:00:00,2011,5,May,2011-05,6,Friday
2011-05-28 00:00:00,2011,5,May,2011-05,7,Saturday
2011-05-29 00:00:00,2011,5,May,2011-05,1,Sunday
2011-05-30 00:00:00,2011,5,May,2011-05,2,Monday
2011-05-31 00:00:00,2011,5,May,2011-05,3,Tuesday
2011-06-01 00:00:00,2011,6,June,2011-06,4,Wednesday
2011-06-02 00:00:00,2011,6,June,2011-06,5,Thursday
2011-06-03 00:00:00,2011,6,June,2011-06,6,Friday
2011-06-04 00:00:00,2011,6,June,2011-06,7,Saturday
2011-06-05 00:00:00,2011,6,June,2011-06,1,Sunday
2011-06-06 00:00:00,2011,6,June,2011-06,2,Monday
2011-06-07 00:00:00,2011,6,June,2011-06,3,Tuesday
2011-06-08 00:00:00,2011,6,June,2011-06,4,Wednesday
2011-06-09 00:00:00,2011,6,June,2011-06,5,Thursday
2011-06-10 00:00:00,2011,6,June,2011-06,6,Friday
2011-06-11 00:00:00,2011,6,June,2011-06,7,Saturday
2011-06-12 00:00:00,2011,6,June,2011-06,1,Sunday
2011-06-13 00:00:00,2011,6,June,2011-06,2,Monday
2011-06-14 00:00:00,2011,6,June,2011-06,3,Tuesday
2011-06-15 00:00:00,2011,6,June,2011-06,4,Wednesday
2011-06-16 00:00:00,2011,6,June,2011-06,5,Thursday
2011-06-17 00:00:00,2011,6,June,2011-06,6,Friday
2011-06-18 00:00:00,2011,6,June,2011-06,7,Saturday
2011-06-19 00:00:00,2011,6,June,2011-06,1,Sunday
2011-06-20 00:00:00,2011,6,June,2011-06,2,Monday
2011-06-21 00:00:00,2011,6,June,2011-06,3,Tuesday
2011-06-22 00:00:00,2011,6,June,2011-06,4,Wednesday
2011-06-23 00:00:00,2011,6,June,2011-06,5,Thursday
2011-06-24 00:00:00,2011,6,June,2011-06,6,Friday
2011-06-25 00:00:00,2011,6,June,2011-06,7,Saturday
2011-06-26 00:00:00,2011,6,June,2011-06,1,Sunday
2011-06-27 00:00:00,2011,6,June,2011-06,2,Monday
2011-06-28 00:00:00,2011,6,June,2011-06,3,Tuesday
2011-06-29 00:00:00,2011,6,June,2011-06,4,Wednesday
2011-06-30 00:00:00,2011,6,June,2011-06,5,Thursday
2011-07-01 00:00:00,2011,7,July,2011-07,6,Friday
2011-07-02 00:00:00,2011,7,July,2011-07,7,Saturday
2011-07-03 00:00:00,2011,7,July,2011-07,1,Sunday
2011-07-04 00:00:00,2011,7,July,2011-07,2,Monday
2011-07-05 00:00:00,2011,7,July,2011-07,3,Tuesday
2011-07-06 00:00:00,2011,7,July,2011-07,4,Wednesday
2011-07-07 00:00:00,2011,7,July,2011-07,5,Thursday
2011-07-08 00:00:00,2011,7,July,2011-07,6,Friday
2011-07-09 00:00:00,2011,7,July,2011-07,7,Saturday
2011-07-10 00:00:00,2011,7,July,2011-07,1,Sunday
2011-07-11 00:00:00,2011,7,July,2011-07,2,Monday
2011-07-12 00:00:00,2011,7,July,2011-07,3,Tuesday
2011-07-13 00:00:00,2011,7,July,2011-07,4,Wednesday
2011-07-14 00:00:00,2011,7,July,2011-07,5,Thursday
2011-07-15 00:00:00,2011,7,July,2011-07,6,Friday
2011-07-16 00:00:00,2011,7,July,2011-07,7,Saturday
2011-07-17 00:00:00,2011,7,July,2011-07,1,Sunday
2011-07-18 00:00:00,2011,7,July,2011-07,2,Monday
2011-07-19 00:00:00,2011,7,July,2011-07,3,Tuesday
2011-07-20 00:00:00,2011,7,July,2011-07,4,Wednesday
2011-07-21 00:00:00,2011,7,July,2011-07,5,Thursday
2011-07-22 00:00:00,2011,7,July,2011-07,6,Friday
2011-07-23 00:00:00,2011,7,July,2011-07,7,Saturday
2011-07-24 00:00:00,2011,7,July,2011-07,1,Sunday
2011-07-25 00:00:00,2011,7,July,2011-07,2,Monday
2011-07-26 00:00:00,2011,7,July,2011-07,3,Tuesday
2011-07-27 00:00:00,2011,7,July,2011-07,4,Wednesday
2011-07-28 00:00:00,2011,7,July,2011-07,5,Thursday
2011-07-29 00:00:00,2011,7,July,2011-07,6,Friday
2011-07-30 00:00:00,2011,7,July,2011-07,7,Saturday
2011-07-31 00:00:00,2011,7,July,2011-07,1,Sunday
2011-08-01 00:00:00,2011,8,August,2011-08,2,Monday
2011-08-02 00:00:00,2011,8,August,2011-08,3,Tuesday
2011-08-03 00:00:00,2011,8,August,2011-08,4,Wednesday
2011-08-04 00:00:00,2011,8,August,2011-08,5,Thursday
2011-08-05 00:00:00,2011,8,August,2011-08,6,Friday
2011-08-06 00:00:00,2011,8,August,2011-08,7,Saturday
2011-08-07 00:00:00,2011,8,August,2011-08,1,Sunday
2011-08-08 00:00:00,2011,8,August,2011-08,2,Monday
2011-08-09 00:00:00,2011,8,August,2011-08,3,Tuesday
2011-08-10 00:00:00,2011,8,August,2011-08,4,Wednesday
2011-08-11 00:00:00,2011,8,August,2011-08,5,Thursday
2011-08-12 00:00:00,2011,8,August,2011-08,6,Friday
2011-08-13 00:00:00,2011,8,August,2011-08,7,Saturday
2011-08-14 00:00:00,2011,8,August,2011-08,1,Sunday
2011-08-15 00:00:00,2011,8,August,2011-08,2,Monday
2011-08-16 00:00:00,2011,8,August,2011-08,3,Tuesday
2011-08-17 00:00:00,2011,8,August,2011-08,4,Wednesday
2011-08-18 00:00:00,2011,8,August,2011-08,5,Thursday
2011-08-19 00:00:00,2011,8,August,2011-08,6,Friday
2011-08-20 00:00:00,2011,8,August,2011-08,7,Saturday
2011-08-21 00:00:00,2011,8,August,2011-08,1,Sunday
2011-08-22 00:00:00,2011,8,August,2011-08,2,Monday
2011-08-23 00:00:00,2011,8,August,2011-08,3,Tuesday
2011-08-24 00:00:00,2011,8,August,2011-08,4,Wednesday
2011-08-25 00:00:00,2011,8,August,2011-08,5,Thursday
2011-08-26 00:00:00,2011,8,August,2011-08,6,Friday
2011-08-27 00:00:00,2011,8,August,2011-08,7,Saturday
2011-08-28 00:00:00,2011,8,August,2011-08,1,Sunday
2011-08-29 00:00:00,2011,8,August,2011-08,2,Monday
2011-08-30 00:00:00,2011,8,August,2011-08,3,Tuesday
2011-08-31 00:00:00,2011,8,August,2011-08,4,Wednesday
2011-09-01 00:00:00,2011,9,September,2011-09,5,Thursday
2011-09-02 00:00:00,2011,9,September,2011-09,6,Friday
2011-09-03 00:00:00,2011,9,September,2011-09,7,Saturday
2011-09-04 00:00:00,2011,9,September,2011-09,1,Sunday
2011-09-05 00:00:00,2011,9,September,2011-09,2,Monday
2011-09-06 00:00:00,2011,9,September,2011-09,3,Tuesday
2011-09-07 00:00:00,2011,9,September,2011-09,4,Wednesday
2011-09-08 00:00:00,2011,9,September,2011-09,5,Thursday
2011-09-09 00:00:00,2011,9,September,2011-09,6,Friday
2011-09-10 00:00:00,2011,9,September,2011-09,7,Saturday
2011-09-11 00:00:00,2011,9,September,2011-09,1,Sunday
2011-09-12 00:00:00,2011,9,September,2011-09,2,Monday
2011-09-13 00:00:00,2011,9,September,2011-09,3,Tuesday
2011-09-14 00:00:00,2011,9,September,2011-09,4,Wednesday
2011-09-15 00:00:00,2011,9,September,2011-09,5,Thursday
2011-09-16 00:00:00,2011,9,September,2011-09,6,Friday
2011-09-17 00:00:00,2011,9,September,2011-09,7,Saturday
2011-09-18 00:00:00,2011,9,September,2011-09,1,Sunday
2011-09-19 00:00:00,2011,9,September,2011-09,2,Monday
2011-09-20 00:00:00,2011,9,September,2011-09,3,Tuesday
2011-09-21 00:00:00,2011,9,September,2011-09,4,Wednesday
2011-09-22 00:00:00,2011,9,September,2011-09,5,Thursday
2011-09-23 00:00:00,2011,9,September,2011-09,6,Friday
2011-09-24 00:00:00,2011,9,September,2011-09,7,Saturday
2011-09-25 00:00:00,2011,9,September,2011-09,1,Sunday
2011-09-26 00:00:00,2011,9,September,2011-09,2,Monday
2011-09-27 00:00:00,2011,9,September,2011-09,3,Tuesday
2011-09-28 00:00:00,2011,9,September,2011-09,4,Wednesday
2011-09-29 00:00:00,2011,9,September,2011-09,5,Thursday
2011-09-30 00:00:00,2011,9,September,2011-09,6,Friday
2011-10-01 00:00:00,2011,10,October,2011-10,7,Saturday
2011-10-02 00:00:00,2011,10,October,2011-10,1,Sunday
2011-10-03 00:00:00,2011,10,October,2011-10,2,Monday
2011-10-04 00:00:00,2011,10,October,2011-10,3,Tuesday
2011-10-05 00:00:00,2011,10,October,2011-10,4,Wednesday
2011-10-06 00:00:00,2011,10,October,2011-10,5,Thursday
2011-10-07 00:00:00,2011,10,October,2011-10,6,Friday
2011-10-08 00:00:00,2011,10,October,2011-10,7,Saturday
2011-10-09 00:00:00,2011,10,October,2011-10,1,Sunday
2011-10-10 00:00:00,2011,10,October,2011-10,2,Monday
2011-10-11 00:00:00,2011,10,October,2011-10,3,Tuesday
2011-10-12 00:00:00,2011,10,October,2011-10,4,Wednesday
2011-10-13 00:00:00,2011,10,October,2011-10,5,Thursday
2011-10-14 00:00:00,2011,10,October,2011-10,6,Friday
2011-10-15 00:00:00,2011,10,October,2011-10,7,Saturday
2011-10-16 00:00:00,2011,10,October,2011-10,1,Sunday
2011-10-17 00:00:00,2011,10,October,2011-10,2,Monday
2011-10-18 00:00:00,2011,10,October,2011-10,3,Tuesday
2011-10-19 00:00:00,2011,10,October,2011-10,4,Wednesday
2011-10-20 00:00:00,2011,10,October,2011-10,5,Thursday
2011-10-21 00:00:00,2011,10,October,2011-10,6,Friday
2011-10-22 00:00:00,2011,10,October,2011-10,7,Saturday
2011-10-23 00:00:00,2011,10,October,2011-10,1,Sunday
2011-10-24 00:00:00,2011,10,October,2011-10,2,Monday
2011-10-25 00:00:00,2011,10,October,2011-10,3,Tuesday
2011-10-26 00:00:00,2011,10,October,2011-10,4,Wednesday
2011-10-27 00:00:00,2011,10,October,2011-10,5,Thursday
2011-10-28 00:00:00,2011,10,October,2011-10,6,Friday
2011-10-29 00:00:00,2011,10,October,2011-10,7,Saturday
2011-10-30 00:00:00,2011,10,October,2011-10,1,Sunday
2011-10-31 00:00:00,2011,10,October,2011-10,2,Monday
2011-11-01 00:00:00,2011,11,November,2011-11,3,Tuesday
2011-11-02 00:00:00,2011,11,November,2011-11,4,Wednesday
2011-11-03 00:00:00,2011,11,November,2011-11,5,Thursday
2011-11-04 00:00:00,2011,11,November,2011-11,6,Friday
2011-11-05 00:00:00,2011,11,November,2011-11,7,Saturday
2011-11-06 00:00:00,2011,11,November,2011-11,1,Sunday
2011-11-07 00:00:00,2011,11,November,2011-11,2,Monday
2011-11-08 00:00:00,2011,11,November,2011-11,3,Tuesday
2011-11-09 00:00:00,2011,11,November,2011-11,4,Wednesday
2011-11-10 00:00:00,2011,11,November,2011-11,5,Thursday
2011-11-11 00:00:00,2011,11,November,2011-11,6,Friday
2011-11-12 00:00:00,2011,11,November,2011-11,7,Saturday
2011-11-13 00:00:00,2011,11,November,2011-11,1,Sunday
2011-11-14 00:00:00,2011,11,November,2011-11,2,Monday
2011-11-15 00:00:00,2011,11,November,2011-11,3,Tuesday
2011-11-16 00:00:00,2011,11,November,2011-11,4,Wednesday
2011-11-17 00:00:00,2011,11,November,2011-11,5,Thursday
2011-11-18 00:00:00,2011,11,November,2011-11,6,Friday
2011-11-19 00:00:00,2011,11,November,2011-11,7,Saturday
2011-11-20 00:00:00,2011,11,November,2011-11,1,Sunday
2011-11-21 00:00:00,2011,11,November,2011-11,2,Monday
2011-11-22 00:00:00,2011,11,November,2011-11,3,Tuesday
2011-11-23 00:00:00,2011,11,November,2011-11,4,Wednesday
2011-11-24 00:00:00,2011,11,November,2011-11,5,Thursday
2011-11-25 00:00:00,2011,11,November,2011-11,6,Friday
2011-11-26 00:00:00,2011,11,November,2011-11,7,Saturday
2011-11-27 00:00:00,2011,11,November,2011-11,1,Sunday
2011-11-28 00:00:00,2011,11,November,2011-11,2,Monday
2011-11-29 00:00:00,2011,11,November,2011-11,3,Tuesday
2011-11-30 00:00:00,2011,11,November,2011-11,4,Wednesday
2011-12-01 00:00:00,2011,12,December,2011-12,5,Thursday
2011-12-02 00:00:00,2011,12,December,2011-12,6,Friday
2011-12-03 00:00:00,2011,12,December,2011-12,7,Saturday
2011-12-04 00:00:00,2011,12,December,2011-12,1,Sunday
2011-12-05 00:00:00,2011,12,December,2011-12,2,Monday
2011-12-06 00:00:00,2011,12,December,2011-12,3,Tuesday
2011-12-07 00:00:00,2011,12,December,2011-12,4,Wednesday
2011-12-08 00:00:00,2011,12,December,2011-12,5,Thursday
2011-12-09 00:00:00,2011,12,December,2011-12,6,Friday
2011-12-10 00:00:00,2011,12,December,2011-12,7,Saturday
2011-12-11 00:00:00,2011,12,December,2011-12,1,Sunday
2011-12-12 00:00:00,2011,12,December,2011-12,2,Monday
2011-12-13 00:00:00,2011,12,December,2011-12,3,Tuesday
2011-12-14 00:00:00,2011,12,December,2011-12,4,Wednesday
2011-12-15 00:00:00,2011,12,December,2011-12,5,Thursday
2011-12-16 00:00:00,2011,12,December,2011-12,6,Friday
2011-12-17 00:00:00,2011,12,December,2011-12,7,Saturday
2011-12-18 00:00:00,2011,12,December,2011-12,1,Sunday
2011-12-19 00:00:00,2011,12,December,2011-12,2,Monday
2011-12-20 00:00:00,2011,12,December,2011-12,3,Tuesday
2011-12-21 00:00:00,2011,12,December,2011-12,4,Wednesday
2011-12-22 00:00:00,2011,12,December,2011-12,5,Thursday
2011-12-23 00:00:00,2011,12,December,2011-12,6,Friday
2011-12-24 00:00:00,2011,12,December,2011-12,7,Saturday
2011-12-25 00:00:00,2011,12,December,2011-12,1,Sunday
2011-12-26 00:00:00,2011,12,December,2011-12,2,Monday
2011-12-27 00:00:00,2011,12,December,2011-12,3,Tuesday
2011-12-28 00:00:00,2011,12,December,2011-12,4,Wednesday
2011-12-29 00:00:00,2011,12,December,2011-12,5,Thursday
2011-12-30 00:00:00,2011,12,December,2011-12,6,Friday
2011-12-31 00:00:00,2011,12,December,2011-12,7,Saturday
2012-01-01 00:00:00,2012,1,January,2012-01,1,Sunday
2012-01-02 00:00:00,2012,1,January,2012-01,2,Monday
2012-01-03 00:00:00,2012,1,January,2012-01,3,Tuesday
2012-01-04 00:00:00,2012,1,January,2012-01,4,Wednesday
2012-01-05 00:00:00,2012,1,January,2012-01,5,Thursday
2012-01-06 00:00:00,2012,1,January,2012-01,6,Friday
2012-01-07 00:00:00,2012,1,January,2012-01,7,Saturday
2012-01-08 00:00:00,2012,1,January,2012-01,1,Sunday
2012-01-09 00:00:00,2012,1,January,2012-01,2,Monday
2012-01-10 00:00:00,2012,1,January,2012-01,3,Tuesday
2012-01-11 00:00:00,2012,1,January,2012-01,4,Wednesday
2012-01-12 00:00:00,2012,1,January,2012-01,5,Thursday
2012-01-13 00:00:00,2012,1,January,2012-01,6,Friday
2012-01-14 00:00:00,2012,1,January,2012-01,7,Saturday
2012-01-15 00:00:00,2012,1,January,2012-01,1,Sunday
2012-01-16 00:00:00,2012,1,January,2012-01,2,Monday
2012-01-17 00:00:00,2012,1,January,2012-01,3,Tuesday
2012-01-18 00:00:00,2012,1,January,2012-01,4,Wednesday
2012-01-19 00:00:00,2012,1,January,2012-01,5,Thursday
2012-01-20 00:00:00,2012,1,January,2012-01,6,Friday
2012-01-21 00:00:00,2012,1,January,2012-01,7,Saturday
2012-01-22 00:00:00,2012,1,January,2012-01,1,Sunday
2012-01-23 00:00:00,2012,1,January,2012-01,2,Monday
2012-01-24 00:00:00,2012,1,January,2012-01,3,Tuesday
2012-01-25 00:00:00,2012,1,January,2012-01,4,Wednesday
2012-01-26 00:00:00,2012,1,January,2012-01,5,Thursday
2012-01-27 00:00:00,2012,1,January,2012-01,6,Friday
2012-01-28 00:00:00,2012,1,January,2012-01,7,Saturday
2012-01-29 00:00:00,2012,1,January,2012-01,1,Sunday
2012-01-30 00:00:00,2012,1,January,2012-01,2,Monday
2012-01-31 00:00:00,2012,1,January,2012-01,3,Tuesday
2012-02-01 00:00:00,2012,2,February,2012-02,4,Wednesday
2012-02-02 00:00:00,2012,2,February,2012-02,5,Thursday
2012-02-03 00:00:00,2012,2,February,2012-02,6,Friday
2012-02-04 00:00:00,2012,2,February,2012-02,7,Saturday
2012-02-05 00:00:00,2012,2,February,2012-02,1,Sunday
2012-02-06 00:00:00,2012,2,February,2012-02,2,Monday
2012-02-07 00:00:00,2012,2,February,2012-02,3,Tuesday
2012-02-08 00:00:00,2012,2,February,2012-02,4,Wednesday
2012-02-09 00:00:00,2012,2,February,2012-02,5,Thursday
2012-02-10 00:00:00,2012,2,February,2012-02,6,Friday
2012-02-11 00:00:00,2012,2,February,2012-02,7,Saturday
2012-02-12 00:00:00,2012,2,February,2012-02,1,Sunday
2012-02-13 00:00:00,2012,2,February,2012-02,2,Monday
2012-02-14 00:00:00,2012,2,February,2012-02,3,Tuesday
2012-02-15 00:00:00,2012,2,February,2012-02,4,Wednesday
2012-02-16 00:00:00,2012,2,February,2012-02,5,Thursday
2012-02-17 00:00:00,2012,2,February,2012-02,6,Friday
2012-02-18 00:00:00,2012,2,February,2012-02,7,Saturday
2012-02-19 00:00:00,2012,2,February,2012-02,1,Sunday
2012-02-20 00:00:00,2012,2,February,2012-02,2,Monday
2012-02-21 00:00:00,2012,2,February,2012-02,3,Tuesday
2012-02-22 00:00:00,2012,2,February,2012-02,4,Wednesday
2012-02-23 00:00:00,2012,2,February,2012-02,5,Thursday
2012-02-24 00:00:00,2012,2,February,2012-02,6,Friday
2012-02-25 00:00:00,2012,2,February,2012-02,7,Saturday
2012-02-26 00:00:00,2012,2,February,2012-02,1,Sunday
2012-02-27 00:00:00,2012,2,February,2012-02,2,Monday
2012-02-28 00:00:00,2012,2,February,2012-02,3,Tuesday
2012-02-29 00:00:00,2012,2,February,2012-02,4,Wednesday
2012-03-01 00:00:00,2012,3,March,2012-03,5,Thursday
2012-03-02 00:00:00,2012,3,March,2012-03,6,Friday
2012-03-03 00:00:00,2012,3,March,2012-03,7,Saturday
2012-03-04 00:00:00,2012,3,March,2012-03,1,Sunday
2012-03-05 00:00:00,2012,3,March,2012-03,2,Monday
2012-03-06 00:00:00,2012,3,March,2012-03,3,Tuesday
2012-03-07 00:00:00,2012,3,March,2012-03,4,Wednesday
2012-03-08 00:00:00,2012,3,March,2012-03,5,Thursday
2012-03-09 00:00:00,2012,3,March,2012-03,6,Friday
2012-03-10 00:00:00,2012,3,March,2012-03,7,Saturday
2012-03-11 00:00:00,2012,3,March,2012-03,1,Sunday
2012-03-12 00:00:00,2012,3,March,2012-03,2,Monday
2012-03-13 00:00:00,2012,3,March,2012-03,3,Tuesday
2012-03-14 00:00:00,2012,3,March,2012-03,4,Wednesday
2012-03-15 00:00:00,2012,3,March,2012-03,5,Thursday
2012-03-16 00:00:00,2012,3,March,2012-03,6,Friday
2012-03-17 00:00:00,2012,3,March,2012-03,7,Saturday
2012-03-18 00:00:00,2012,3,March,2012-03,1,Sunday
2012-03-19 00:00:00,2012,3,March,2012-03,2,Monday
2012-03-20 00:00:00,2012,3,March,2012-03,3,Tuesday
2012-03-21 00:00:00,2012,3,March,2012-03,4,Wednesday
2012-03-22 00:00:00,2012,3,March,2012-03,5,Thursday
2012-03-23 00:00:00,2012,3,March,2012-03,6,Friday
2012-03-24 00:00:00,2012,3,March,2012-03,7,Saturday
2012-03-25 00:00:00,2012,3,March,2012-03,1,Sunday
2012-03-26 00:00:00,2012,3,March,2012-03,2,Monday
2012-03-27 00:00:00,2012,3,March,2012-03,3,Tuesday
2012-03-28 00:00:00,2012,3,March,2012-03,4,Wednesday
2012-03-29 00:00:00,2012,3,March,2012-03,5,Thursday
2012-03-30 00:00:00,2012,3,March,2012-03,6,Friday
2012-03-31 00:00:00,2012,3,March,2012-03,7,Saturday
2012-04-01 00:00:00,2012,4,April,2012-04,1,Sunday
2012-04-02 00:00:00,2012,4,April,2012-04,2,Monday
2012-04-03 00:00:00,2012,4,April,2012-04,3,Tuesday
2012-04-04 00:00:00,2012,4,April,2012-04,4,Wednesday
2012-04-05 00:00:00,2012,4,April,2012-04,5,Thursday
2012-04-06 00:00:00,2012,4,April,2012-04,6,Friday
2012-04-07 00:00:00,2012,4,April,2012-04,7,Saturday
2012-04-08 00:00:00,2012,4,April,2012-04,1,Sunday
2012-04-09 00:00:00,2012,4,April,2012-04,2,Monday
2012-04-10 00:00:00,2012,4,April,2012-04,3,Tuesday
2012-04-11 00:00:00,2012,4,April,2012-04,4,Wednesday
2012-04-12 00:00:00,2012,4,April,2012-04,5,Thursday
2012-04-13 00:00:00,2012,4,April,2012-04,6,Friday
2012-04-14 00:00:00,2012,4,April,2012-04,7,Saturday
2012-04-15 00:00:00,2012,4,April,2012-04,1,Sunday
2012-04-16 00:00:00,2012,4,April,2012-04,2,Monday
2012-04-17 00:00:00,2012,4,April,2012-04,3,Tuesday
2012-04-18 00:00:00,2012,4,April,2012-04,4,Wednesday
2012-04-19 00:00:00,2012,4,April,2012-04,5,Thursday
2012-04-20 00:00:00,2012,4,April,2012-04,6,Friday
2012-04-21 00:00:00,2012,4,April,2012-04,7,Saturday
2012-04-22 00:00:00,2012,4,April,2012-04,1,Sunday
2012-04-23 00:00:00,2012,4,April,2012-04,2,Monday
2012-04-24 00:00:00,2012,4,April,2012-04,3,Tuesday
2012-04-25 00:00:00,2012,4,April,2012-04,4,Wednesday
2012-04-26 00:00:00,2012,4,April,2012-04,5,Thursday
2012-04-27 00:00:00,2012,4,April,2012-04,6,Friday
2012-04-28 00:00:00,2012,4,April,2012-04,7,Saturday
2012-04-29 00:00:00,2012,4,April,2012-04,1,Sunday
2012-04-30 00:00:00,2012,4,April,2012-04,2,Monday
2012-05-01 00:00:00,2012,5,May,2012-05,3,Tuesday
2012-05-02 00:00:00,2012,5,May,2012-05,4,Wednesday
2012-05-03 00:00:00,2012,5,May,2012-05,5,Thursday
2012-05-04 00:00:00,2012,5,May,2012-05,6,Friday
2012-05-05 00:00:00,2012,5,May,2012-05,7,Saturday
2012-05-06 00:00:00,2012,5,May,2012-05,1,Sunday
2012-05-07 00:00:00,2012,5,May,2012-05,2,Monday
2012-05-08 00:00:00,2012,5,May,2012-05,3,Tuesday
2012-05-09 00:00:00,2012,5,May,2012-05,4,Wednesday
2012-05-10 00:00:00,2012,5,May,2012-05,5,Thursday
2012-05-11 00:00:00,2012,5,May,2012-05,6,Friday
2012-05-12 00:00:00,2012,5,May,2012-05,7,Saturday
2012-05-13 00:00:00,2012,5,May,2012-05,1,Sunday
2012-05-14 00:00:00,2012,5,May,2012-05,2,Monday
2012-05-15 00:00:00,2012,5,May,2012-05,3,Tuesday
2012-05-16 00:00:00,2012,5,May,2012-05,4,Wednesday
2012-05-17 00:00:00,2012,5,May,2012-05,5,Thursday
2012-05-18 00:00:00,2012,5,May,2012-05,6,Friday
2012-05-19 00:00:00,2012,5,May,2012-05,7,Saturday
2012-05-20 00:00:00,2012,5,May,2012-05,1,Sunday
2012-05-21 00:00:00,2012,5,May,2012-05,2,Monday
2012-05-22 00:00:00,2012,5,May,2012-05,3,Tuesday
2012-05-23 00:00:00,2012,5,May,2012-05,4,Wednesday
2012-05-24 00:00:00,2012,5,May,2012-05,5,Thursday
2012-05-25 00:00:00,2012,5,May,2012-05,6,Friday
2012-05-26 00:00:00,2012,5,May,2012-05,7,Saturday
2012-05-27 00:00:00,2012,5,May,2012-05,1,Sunday
2012-05-28 00:00:00,2012,5,May,2012-05,2,Monday
2012-05-29 00:00:00,2012,5,May,2012-05,3,Tuesday
2012-05-30 00:00:00,2012,5,May,2012-05,4,Wednesday
2012-05-31 00:00:00,2012,5,May,2012-05,5,Thursday
2012-06-01 00:00:00,2012,6,June,2012-06,6,Friday
2012-06-02 00:00:00,2012,6,June,2012-06,7,Saturday
2012-06-03 00:00:00,2012,6,June,2012-06,1,Sunday
2012-06-04 00:00:00,2012,6,June,2012-06,2,Monday
2012-06-05 00:00:00,2012,6,June,2012-06,3,Tuesday
2012-06-06 00:00:00,2012,6,June,2012-06,4,Wednesday
2012-06-07 00:00:00,2012,6,June,2012-06,5,Thursday
2012-06-08 00:00:00,2012,6,June,2012-06,6,Friday
2012-06-09 00:00:00,2012,6,June,2012-06,7,Saturday
2012-06-10 00:00:00,2012,6,June,2012-06,1,Sunday
2012-06-11 00:00:00,2012,6,June,2012-06,2,Monday
2012-06-12 00:00:00,2012,6,June,2012-06,3,Tuesday
2012-06-13 00:00:00,2012,6,June,2012-06,4,Wednesday
2012-06-14 00:00:00,2012,6,June,2012-06,5,Thursday
2012-06-15 00:00:00,2012,6,June,2012-06,6,Friday
2012-06-16 00:00:00,2012,6,June,2012-06,7,Saturday
2012-06-17 00:00:00,2012,6,June,2012-06,1,Sunday
2012-06-18 00:00:00,2012,6,June,2012-06,2,Monday
2012-06-19 00:00:00,2012,6,June,2012-06,3,Tuesday
2012-06-20 00:00:00,2012,6,June,2012-06,4,Wednesday
2012-06-21 00:00:00,2012,6,June,2012-06,5,Thursday
2012-06-22 00:00:00,2012,6,June,2012-06,6,Friday
2012-06-23 00:00:00,2012,6,June,2012-06,7,Saturday
2012-06-24 00:00:00,2012,6,June,2012-06,1,Sunday
2012-06-25 00:00:00,2012,6,June,2012-06,2,Monday
2012-06-26 00:00:00,2012,6,June,2012-06,3,Tuesday
2012-06-27 00:00:00,2012,6,June,2012-06,4,Wednesday
2012-06-28 00:00:00,2012,6,June,2012-06,5,Thursday
2012-06-29 00:00:00,2012,6,June,2012-06,6,Friday
2012-06-30 00:00:00,2012,6,June,2012-06,7,Saturday
2012-07-01 00:00:00,2012,7,July,2012-07,1,Sunday
2012-07-02 00:00:00,2012,7,July,2012-07,2,Monday
2012-07-03 00:00:00,2012,7,July,2012-07,3,Tuesday
2012-07-04 00:00:00,2012,7,July,2012-07,4,Wednesday
2012-07-05 00:00:00,2012,7,July,2012-07,5,Thursday
2012-07-06 00:00:00,2012,7,July,2012-07,6,Friday
2012-07-07 00:00:00,2012,7,July,2012-07,7,Saturday
2012-07-08 00:00:00,2012,7,July,2012-07,1,Sunday
2012-07-09 00:00:00,2012,7,July,2012-07,2,Monday
2012-07-10 00:00:00,2012,7,July,2012-07,3,Tuesday
2012-07-11 00:00:00,2012,7,July,2012-07,4,Wednesday
2012-07-12 00:00:00,2012,7,July,2012-07,5,Thursday
2012-07-13 00:00:00,2012,7,July,2012-07,6,Friday
2012-07-14 00:00:00,2012,7,July,2012-07,7,Saturday
2012-07-15 00:00:00,2012,7,July,2012-07,1,Sunday
2012-07-16 00:00:00,2012,7,July,2012-07,2,Monday
2012-07-17 00:00:00,2012,7,July,2012-07,3,Tuesday
2012-07-18 00:00:00,2012,7,July,2012-07,4,Wednesday
2012-07-19 00:00:00,2012,7,July,2012-07,5,Thursday
2012-07-20 00:00:00,2012,7,July,2012-07,6,Friday
2012-07-21 00:00:00,2012,7,July,2012-07,7,Saturday
2012-07-22 00:00:00,2012,7,July,2012-07,1,Sunday
2012-07-23 00:00:00,2012,7,July,2012-07,2,Monday
2012-07-24 00:00:00,2012,7,July,2012-07,3,Tuesday
2012-07-25 00:00:00,2012,7,July,2012-07,4,Wednesday
2012-07-26 00:00:00,2012,7,July,2012-07,5,Thursday
2012-07-27 00:00:00,2012,7,July,2012-07,6,Friday
2012-07-28 00:00:00,2012,7,July,2012-07,7,Saturday
2012-07-29 00:00:00,2012,7,July,2012-07,1,Sunday
2012-07-30 00:00:00,2012,7,July,2012-07,2,Monday
2012-07-31 00:00:00,2012,7,July,2012-07,3,Tuesday
2012-08-01 00:00:00,2012,8,August,2012-08,4,Wednesday
2012-08-02 00:00:00,2012,8,August,2012-08,5,Thursday
2012-08-03 00:00:00,2012,8,August,2012-08,6,Friday
2012-08-04 00:00:00,2012,8,August,2012-08,7,Saturday
2012-08-05 00:00:00,2012,8,August,2012-08,1,Sunday
2012-08-06 00:00:00,2012,8,August,2012-08,2,Monday
2012-08-07 00:00:00,2012,8,August,2012-08,3,Tuesday
2012-08-08 00:00:00,2012,8,August,2012-08,4,Wednesday
2012-08-09 00:00:00,2012,8,August,2012-08,5,Thursday
2012-08-10 00:00:00,2012,8,August,2012-08,6,Friday
2012-08-11 00:00:00,2012,8,August,2012-08,7,Saturday
2012-08-12 00:00:00,2012,8,August,2012-08,1,Sunday
2012-08-13 00:00:00,2012,8,August,2012-08,2,Monday
2012-08-14 00:00:00,2012,8,August,2012-08,3,Tuesday
2012-08-15 00:00:00,2012,8,August,2012-08,4,Wednesday
2012-08-16 00:00:00,2012,8,August,2012-08,5,Thursday
2012-08-17 00:00:00,2012,8,August,2012-08,6,Friday
2012-08-18 00:00:00,2012,8,August,2012-08,7,Saturday
2012-08-19 00:00:00,2012,8,August,2012-08,1,Sunday
2012-08-20 00:00:00,2012,8,August,2012-08,2,Monday
2012-08-21 00:00:00,2012,8,August,2012-08,3,Tuesday
2012-08-22 00:00:00,2012,8,August,2012-08,4,Wednesday
2012-08-23 00:00:00,2012,8,August,2012-08,5,Thursday
2012-08-24 00:00:00,2012,8,August,2012-08,6,Friday
2012-08-25 00:00:00,2012,8,August,2012-08,7,Saturday
2012-08-26 00:00:00,2012,8,August,2012-08,1,Sunday
2012-08-27 00:00:00,2012,8,August,2012-08,2,Monday
2012-08-28 00:00:00,2012,8,August,2012-08,3,Tuesday
2012-08-29 00:00:00,2012,8,August,2012-08,4,Wednesday
2012-08-30 00:00:00,2012,8,August,2012-08,5,Thursday
2012-08-31 00:00:00,2012,8,August,2012-08,6,Friday
2012-09-01 00:00:00,2012,9,September,2012-09,7,Saturday
2012-09-02 00:00:00,2012,9,September,2012-09,1,Sunday
2012-09-03 00:00:00,2012,9,September,2012-09,2,Monday
2012-09-04 00:00:00,2012,9,September,2012-09,3,Tuesday
2012-09-05 00:00:00,2012,9,September,2012-09,4,Wednesday
2012-09-06 00:00:00,2012,9,September,2012-09,5,Thursday
2012-09-07 00:00:00,2012,9,September,2012-09,6,Friday
2012-09-08 00:00:00,2012,9,September,2012-09,7,Saturday
2012-09-09 00:00:00,2012,9,September,2012-09,1,Sunday
2012-09-10 00:00:00,2012,9,September,2012-09,2,Monday
2012-09-11 00:00:00,2012,9,September,2012-09,3,Tuesday
2012-09-12 00:00:00,2012,9,September,2012-09,4,Wednesday
2012-09-13 00:00:00,2012,9,September,2012-09,5,Thursday
2012-09-14 00:00:00,2012,9,September,2012-09,6,Friday
2012-09-15 00:00:00,2012,9,September,2012-09,7,Saturday
2012-09-16 00:00:00,2012,9,September,2012-09,1,Sunday
2012-09-17 00:00:00,2012,9,September,2012-09,2,Monday
2012-09-18 00:00:00,2012,9,September,2012-09,3,Tuesday
2012-09-19 00:00:00,2012,9,September,2012-09,4,Wednesday
2012-09-20 00:00:00,2012,9,September,2012-09,5,Thursday
2012-09-21 00:00:00,2012,9,September,2012-09,6,Friday
2012-09-22 00:00:00,2012,9,September,2012-09,7,Saturday
2012-09-23 00:00:00,2012,9,September,2012-09,1,Sunday
2012-09-24 00:00:00,2012,9,September,2012-09,2,Monday
2012-09-25 00:00:00,2012,9,September,2012-09,3,Tuesday
2012-09-26 00:00:00,2012,9,September,2012-09,4,Wednesday
2012-09-27 00:00:00,2012,9,September,2012-09,5,Thursday
2012-09-28 00:00:00,2012,9,September,2012-09,6,Friday
2012-09-29 00:00:00,2012,9,September,2012-09,7,Saturday
2012-09-30 00:00:00,2012,9,September,2012-09,1,Sunday
2012-10-01 00:00:00,2012,10,October,2012-10,2,Monday
2012-10-02 00:00:00,2012,10,October,2012-10,3,Tuesday
2012-10-03 00:00:00,2012,10,October,2012-10,4,Wednesday
2012-10-04 00:00:00,2012,10,October,2012-10,5,Thursday
2012-10-05 00:00:00,2012,10,October,2012-10,6,Friday
2012-10-06 00:00:00,2012,10,October,2012-10,7,Saturday
2012-10-07 00:00:00,2012,10,October,2012-10,1,Sunday
2012-10-08 00:00:00,2012,10,October,2012-10,2,Monday
2012-10-09 00:00:00,2012,10,October,2012-10,3,Tuesday
2012-10-10 00:00:00,2012,10,October,2012-10,4,Wednesday
2012-10-11 00:00:00,2012,10,October,2012-10,5,Thursday
2012-10-12 00:00:00,2012,10,October,2012-10,6,Friday
2012-10-13 00:00:00,2012,10,October,2012-10,7,Saturday
2012-10-14 00:00:00,2012,10,October,2012-10,1,Sunday
2012-10-15 00:00:00,2012,10,October,2012-10,2,Monday
2012-10-16 00:00:00,2012,10,October,2012-10,3,Tuesday
2012-10-17 00:00:00,2012,10,October,2012-10,4,Wednesday
2012-10-18 00:00:00,2012,10,October,2012-10,5,Thursday
2012-10-19 00:00:00,2012,10,October,2012-10,6,Friday
2012-10-20 00:00:00,2012,10,October,2012-10,7,Saturday
2012-10-21 00:00:00,2012,10,October,2012-10,1,Sunday
2012-10-22 00:00:00,2012,10,October,2012-10,2,Monday
2012-10-23 00:00:00,2012,10,October,2012-10,3,Tuesday
2012-10-24 00:00:00,2012,10,October,2012-10,4,Wednesday
2012-10-25 00:00:00,2012,10,October,2012-10,5,Thursday
2012-10-26 00:00:00,2012,10,October,2012-10,6,Friday
2012-10-27 00:00:00,2012,10,October,2012-10,7,Saturday
2012-10-28 00:00:00,2012,10,October,2012-10,1,Sunday
2012-10-29 00:00:00,2012,10,October,2012-10,2,Monday
2012-10-30 00:00:00,2012,10,October,2012-10,3,Tuesday
2012-10-31 00:00:00,2012,10,October,2012-10,4,Wednesday
2012-11-01 00:00:00,2012,11,November,2012-11,5,Thursday
2012-11-02 00:00:00,2012,11,November,2012-11,6,Friday
2012-11-03 00:00:00,2012,11,November,2012-11,7,Saturday
2012-11-04 00:00:00,2012,11,November,2012-11,1,Sunday
2012-11-05 00:00:00,2012,11,November,2012-11,2,Monday
2012-11-06 00:00:00,2012,11,November,2012-11,3,Tuesday
2012-11-07 00:00:00,2012,11,November,2012-11,4,Wednesday
2012-11-08 00:00:00,2012,11,November,2012-11,5,Thursday
2012-11-09 00:00:00,2012,11,November,2012-11,6,Friday
2012-11-10 00:00:00,2012,11,November,2012-11,7,Saturday
2012-11-11 00:00:00,2012,11,November,2012-11,1,Sunday
2012-11-12 00:00:00,2012,11,November,2012-11,2,Monday
2012-11-13 00:00:00,2012,11,November,2012-11,3,Tuesday
2012-11-14 00:00:00,2012,11,November,2012-11,4,Wednesday
2012-11-15 00:00:00,2012,11,November,2012-11,5,Thursday
2012-11-16 00:00:00,2012,11,November,2012-11,6,Friday
2012-11-17 00:00:00,2012,11,November,2012-11,7,Saturday
2012-11-18 00:00:00,2012,11,November,2012-11,1,Sunday
2012-11-19 00:00:00,2012,11,November,2012-11,2,Monday
2012-11-20 00:00:00,2012,11,November,2012-11,3,Tuesday
2012-11-21 00:00:00,2012,11,November,2012-11,4,Wednesday
2012-11-22 00:00:00,2012,11,November,2012-11,5,Thursday
2012-11-23 00:00:00,2012,11,November,2012-11,6,Friday
2012-11-24 00:00:00,2012,11,November,2012-11,7,Saturday
2012-11-25 00:00:00,2012,11,November,2012-11,1,Sunday
2012-11-26 00:00:00,2012,11,November,2012-11,2,Monday
2012-11-27 00:00:00,2012,11,November,2012-11,3,Tuesday
2012-11-28 00:00:00,2012,11,November,2012-11,4,Wednesday
2012-11-29 00:00:00,2012,11,November,2012-11,5,Thursday
2012-11-30 00:00:00,2012,11,November,2012-11,6,Friday
2012-12-01 00:00:00,2012,12,December,2012-12,7,Saturday
2012-12-02 00:00:00,2012,12,December,2012-12,1,Sunday
2012-12-03 00:00:00,2012,12,December,2012-12,2,Monday
2012-12-04 00:00:00,2012,12,December,2012-12,3,Tuesday
2012-12-05 00:00:00,2012,12,December,2012-12,4,Wednesday
2012-12-06 00:00:00,2012,12,December,2012-12,5,Thursday
2012-12-07 00:00:00,2012,12,December,2012-12,6,Friday
2012-12-08 00:00:00,2012,12,December,2012-12,7,Saturday
2012-12-09 00:00:00,2012,12,December,2012-12,1,Sunday
2012-12-10 00:00:00,2012,12,December,2012-12,2,Monday
2012-12-11 00:00:00,2012,12,December,2012-12,3,Tuesday
2012-12-12 00:00:00,2012,12,December,2012-12,4,Wednesday
2012-12-13 00:00:00,2012,12,December,2012-12,5,Thursday
2012-12-14 00:00:00,2012,12,December,2012-12,6,Friday
2012-12-15 00:00:00,2012,12,December,2012-12,7,Saturday
2012-12-16 00:00:00,2012,12,December,2012-12,1,Sunday
2012-12-17 00:00:00,2012,12,December,2012-12,2,Monday
2012-12-18 00:00:00,2012,12,December,2012-12,3,Tuesday
2012-12-19 00:00:00,2012,12,December,2012-12,4,Wednesday
2012-12-20 00:00:00,2012,12,December,2012-12,5,Thursday
2012-12-21 00:00:00,2012,12,December,2012-12,6,Friday
2012-12-22 00:00:00,2012,12,December,2012-12,7,Saturday
2012-12-23 00:00:00,2012,12,December,2012-12,1,Sunday
2012-12-24 00:00:00,2012,12,December,2012-12,2,Monday
2012-12-25 00:00:00,2012,12,December,2012-12,3,Tuesday
2012-12-26 00:00:00,2012,12,December,2012-12,4,Wednesday
2012-12-27 00:00:00,2012,12,December,2012-12,5,Thursday
2012-12-28 00:00:00,2012,12,December,2012-12,6,Friday
2012-12-29 00:00:00,2012,12,December,2012-12,7,Saturday
2012-12-30 00:00:00,2012,12,December,2012-12,1,Sunday
2012-12-31 00:00:00,2012,12,December,2012-12,2,Monday
2013-01-01 00:00:00,2013,1,January,2013-01,3,Tuesday
2013-01-02 00:00:00,2013,1,January,2013-01,4,Wednesday
2013-01-03 00:00:00,2013,1,January,2013-01,5,Thursday
2013-01-04 00:00:00,2013,1,January,2013-01,6,Friday
2013-01-05 00:00:00,2013,1,January,2013-01,7,Saturday
2013-01-06 00:00:00,2013,1,January,2013-01,1,Sunday
2013-01-07 00:00:00,2013,1,January,2013-01,2,Monday
2013-01-08 00:00:00,2013,1,January,2013-01,3,Tuesday
2013-01-09 00:00:00,2013,1,January,2013-01,4,Wednesday
2013-01-10 00:00:00,2013,1,January,2013-01,5,Thursday
2013-01-11 00:00:00,2013,1,January,2013-01,6,Friday
2013-01-12 00:00:00,2013,1,January,2013-01,7,Saturday
2013-01-13 00:00:00,2013,1,January,2013-01,1,Sunday
2013-01-14 00:00:00,2013,1,January,2013-01,2,Monday
2013-01-15 00:00:00,2013,1,January,2013-01,3,Tuesday
2013-01-16 00:00:00,2013,1,January,2013-01,4,Wednesday
2013-01-17 00:00:00,2013,1,January,2013-01,5,Thursday
2013-01-18 00:00:00,2013,1,January,2013-01,6,Friday
2013-01-19 00:00:00,2013,1,January,2013-01,7,Saturday
2013-01-20 00:00:00,2013,1,January,2013-01,1,Sunday
2013-01-21 00:00:00,2013,1,January,2013-01,2,Monday
2013-01-22 00:00:00,2013,1,January,2013-01,3,Tuesday
2013-01-23 00:00:00,2013,1,January,2013-01,4,Wednesday
2013-01-24 00:00:00,2013,1,January,2013-01,5,Thursday
2013-01-25 00:00:00,2013,1,January,2013-01,6,Friday
2013-01-26 00:00:00,2013,1,January,2013-01,7,Saturday
2013-01-27 00:00:00,2013,1,January,2013-01,1,Sunday
2013-01-28 00:00:00,2013,1,January,2013-01,2,Monday
2013-01-29 00:00:00,2013,1,January,2013-01,3,Tuesday
2013-01-30 00:00:00,2013,1,January,2013-01,4,Wednesday
2013-01-31 00:00:00,2013,1,January,2013-01,5,Thursday
2013-02-01 00:00:00,2013,2,February,2013-02,6,Friday
2013-02-02 00:00:00,2013,2,February,2013-02,7,Saturday
2013-02-03 00:00:00,2013,2,February,2013-02,1,Sunday
2013-02-04 00:00:00,2013,2,February,2013-02,2,Monday
2013-02-05 00:00:00,2013,2,February,2013-02,3,Tuesday
2013-02-06 00:00:00,2013,2,February,2013-02,4,Wednesday
2013-02-07 00:00:00,2013,2,February,2013-02,5,Thursday
2013-02-08 00:00:00,2013,2,February,2013-02,6,Friday
2013-02-09 00:00:00,2013,2,February,2013-02,7,Saturday
2013-02-10 00:00:00,2013,2,February,2013-02,1,Sunday
2013-02-11 00:00:00,2013,2,February,2013-02,2,Monday
2013-02-12 00:00:00,2013,2,February,2013-02,3,Tuesday
2013-02-13 00:00:00,2013,2,February,2013-02,4,Wednesday
2013-02-14 00:00:00,2013,2,February,2013-02,5,Thursday
2013-02-15 00:00:00,2013,2,February,2013-02,6,Friday
2013-02-16 00:00:00,2013,2,February,2013-02,7,Saturday
2013-02-17 00:00:00,2013,2,February,2013-02,1,Sunday
2013-02-18 00:00:00,2013,2,February,2013-02,2,Monday
2013-02-19 00:00:00,2013,2,February,2013-02,3,Tuesday
2013-02-20 00:00:00,2013,2,February,2013-02,4,Wednesday
2013-02-21 00:00:00,2013,2,February,2013-02,5,Thursday
2013-02-22 00:00:00,2013,2,February,2013-02,6,Friday
2013-02-23 00:00:00,2013,2,February,2013-02,7,Saturday
2013-02-24 00:00:00,2013,2,February,2013-02,1,Sunday
2013-02-25 00:00:00,2013,2,February,2013-02,2,Monday
2013-02-26 00:00:00,2013,2,February,2013-02,3,Tuesday
2013-02-27 00:00:00,2013,2,February,2013-02,4,Wednesday
2013-02-28 00:00:00,2013,2,February,2013-02,5,Thursday
2013-03-01 00:00:00,2013,3,March,2013-03,6,Friday
2013-03-02 00:00:00,2013,3,March,2013-03,7,Saturday
2013-03-03 00:00:00,2013,3,March,2013-03,1,Sunday
2013-03-04 00:00:00,2013,3,March,2013-03,2,Monday
2013-03-05 00:00:00,2013,3,March,2013-03,3,Tuesday
2013-03-06 00:00:00,2013,3,March,2013-03,4,Wednesday
2013-03-07 00:00:00,2013,3,March,2013-03,5,Thursday
2013-03-08 00:00:00,2013,3,March,2013-03,6,Friday
2013-03-09 00:00:00,2013,3,March,2013-03,7,Saturday
2013-03-10 00:00:00,2013,3,March,2013-03,1,Sunday
2013-03-11 00:00:00,2013,3,March,2013-03,2,Monday
2013-03-12 00:00:00,2013,3,March,2013-03,3,Tuesday
2013-03-13 00:00:00,2013,3,March,2013-03,4,Wednesday
2013-03-14 00:00:00,2013,3,March,2013-03,5,Thursday
2013-03-15 00:00:00,2013,3,March,2013-03,6,Friday
2013-03-16 00:00:00,2013,3,March,2013-03,7,Saturday
2013-03-17 00:00:00,2013,3,March,2013-03,1,Sunday
2013-03-18 00:00:00,2013,3,March,2013-03,2,Monday
2013-03-19 00:00:00,2013,3,March,2013-03,3,Tuesday
2013-03-20 00:00:00,2013,3,March,2013-03,4,Wednesday
2013-03-21 00:00:00,2013,3,March,2013-03,5,Thursday
2013-03-22 00:00:00,2013,3,March,2013-03,6,Friday
2013-03-23 00:00:00,2013,3,March,2013-03,7,Saturday
2013-03-24 00:00:00,2013,3,March,2013-03,1,Sunday
2013-03-25 00:00:00,2013,3,March,2013-03,2,Monday
2013-03-26 00:00:00,2013,3,March,2013-03,3,Tuesday
2013-03-27 00:00:00,2013,3,March,2013-03,4,Wednesday
2013-03-28 00:00:00,2013,3,March,2013-03,5,Thursday
2013-03-29 00:00:00,2013,3,March,2013-03,6,Friday
2013-03-30 00:00:00,2013,3,March,2013-03,7,Saturday
2013-03-31 00:00:00,2013,3,March,2013-03,1,Sunday
2013-04-01 00:00:00,2013,4,April,2013-04,2,Monday
2013-04-02 00:00:00,2013,4,April,2013-04,3,Tuesday
2013-04-03 00:00:00,2013,4,April,2013-04,4,Wednesday
2013-04-04 00:00:00,2013,4,April,2013-04,5,Thursday
2013-04-05 00:00:00,2013,4,April,2013-04,6,Friday
2013-04-06 00:00:00,2013,4,April,2013-04,7,Saturday
2013-04-07 00:00:00,2013,4,April,2013-04,1,Sunday
2013-04-08 00:00:00,2013,4,April,2013-04,2,Monday
2013-04-09 00:00:00,2013,4,April,2013-04,3,Tuesday
2013-04-10 00:00:00,2013,4,April,2013-04,4,Wednesday
2013-04-11 00:00:00,2013,4,April,2013-04,5,Thursday
2013-04-12 00:00:00,2013,4,April,2013-04,6,Friday
2013-04-13 00:00:00,2013,4,April,2013-04,7,Saturday
2013-04-14 00:00:00,2013,4,April,2013-04,1,Sunday
2013-04-15 00:00:00,2013,4,April,2013-04,2,Monday
2013-04-16 00:00:00,2013,4,April,2013-04,3,Tuesday
2013-04-17 00:00:00,2013,4,April,2013-04,4,Wednesday
2013-04-18 00:00:00,2013,4,April,2013-04,5,Thursday
2013-04-19 00:00:00,2013,4,April,2013-04,6,Friday
2013-04-20 00:00:00,2013,4,April,2013-04,7,Saturday
2013-04-21 00:00:00,2013,4,April,2013-04,1,Sunday
2013-04-22 00:00:00,2013,4,April,2013-04,2,Monday
2013-04-23 00:00:00,2013,4,April,2013-04,3,Tuesday
2013-04-24 00:00:00,2013,4,April,2013-04,4,Wednesday
2013-04-25 00:00:00,2013,4,April,2013-04,5,Thursday
2013-04-26 00:00:00,2013,4,April,2013-04,6,Friday
2013-04-27 00:00:00,2013,4,April,2013-04,7,Saturday
2013-04-28 00:00:00,2013,4,April,2013-04,1,Sunday
2013-04-29 00:00:00,2013,4,April,2013-04,2,Monday
2013-04-30 00:00:00,2013,4,April,2013-04,3,Tuesday
2013-05-01 00:00:00,2013,5,May,2013-05,4,Wednesday
2013-05-02 00:00:00,2013,5,May,2013-05,5,Thursday
2013-05-03 00:00:00,2013,5,May,2013-05,6,Friday
2013-05-04 00:00:00,2013,5,May,2013-05,7,Saturday
2013-05-05 00:00:00,2013,5,May,2013-05,1,Sunday
2013-05-06 00:00:00,2013,5,May,2013-05,2,Monday
2013-05-07 00:00:00,2013,5,May,2013-05,3,Tuesday
2013-05-08 00:00:00,2013,5,May,2013-05,4,Wednesday
2013-05-09 00:00:00,2013,5,May,2013-05,5,Thursday
2013-05-10 00:00:00,2013,5,May,2013-05,6,Friday
2013-05-11 00:00:00,2013,5,May,2013-05,7,Saturday
2013-05-12 00:00:00,2013,5,May,2013-05,1,Sunday
2013-05-13 00:00:00,2013,5,May,2013-05,2,Monday
2013-05-14 00:00:00,2013,5,May,2013-05,3,Tuesday
2013-05-15 00:00:00,2013,5,May,2013-05,4,Wednesday
2013-05-16 00:00:00,2013,5,May,2013-05,5,Thursday
2013-05-17 00:00:00,2013,5,May,2013-05,6,Friday
2013-05-18 00:00:00,2013,5,May,2013-05,7,Saturday
2013-05-19 00:00:00,2013,5,May,2013-05,1,Sunday
2013-05-20 00:00:00,2013,5,May,2013-05,2,Monday
2013-05-21 00:00:00,2013,5,May,2013-05,3,Tuesday
2013-05-22 00:00:00,2013,5,May,2013-05,4,Wednesday
2013-05-23 00:00:00,2013,5,May,2013-05,5,Thursday
2013-05-24 00:00:00,2013,5,May,2013-05,6,Friday
2013-05-25 00:00:00,2013,5,May,2013-05,7,Saturday
2013-05-26 00:00:00,2013,5,May,2013-05,1,Sunday
2013-05-27 00:00:00,2013,5,May,2013-05,2,Monday
2013-05-28 00:00:00,2013,5,May,2013-05,3,Tuesday
2013-05-29 00:00:00,2013,5,May,2013-05,4,Wednesday
2013-05-30 00:00:00,2013,5,May,2013-05,5,Thursday
2013-05-31 00:00:00,2013,5,May,2013-05,6,Friday
2013-06-01 00:00:00,2013,6,June,2013-06,7,Saturday
2013-06-02 00:00:00,2013,6,June,2013-06,1,Sunday
2013-06-03 00:00:00,2013,6,June,2013-06,2,Monday
2013-06-04 00:00:00,2013,6,June,2013-06,3,Tuesday
2013-06-05 00:00:00,2013,6,June,2013-06,4,Wednesday
2013-06-06 00:00:00,2013,6,June,2013-06,5,Thursday
2013-06-07 00:00:00,2013,6,June,2013-06,6,Friday
2013-06-08 00:00:00,2013,6,June,2013-06,7,Saturday
2013-06-09 00:00:00,2013,6,June,2013-06,1,Sunday
2013-06-10 00:00:00,2013,6,June,2013-06,2,Monday
2013-06-11 00:00:00,2013,6,June,2013-06,3,Tuesday
2013-06-12 00:00:00,2013,6,June,2013-06,4,Wednesday
2013-06-13 00:00:00,2013,6,June,2013-06,5,Thursday
2013-06-14 00:00:00,2013,6,June,2013-06,6,Friday
2013-06-15 00:00:00,2013,6,June,2013-06,7,Saturday
2013-06-16 00:00:00,2013,6,June,2013-06,1,Sunday
2013-06-17 00:00:00,2013,6,June,2013-06,2,Monday
2013-06-18 00:00:00,2013,6,June,2013-06,3,Tuesday
2013-06-19 00:00:00,2013,6,June,2013-06,4,Wednesday
2013-06-20 00:00:00,2013,6,June,2013-06,5,Thursday
2013-06-21 00:00:00,2013,6,June,2013-06,6,Friday
2013-06-22 00:00:00,2013,6,June,2013-06,7,Saturday
2013-06-23 00:00:00,2013,6,June,2013-06,1,Sunday
2013-06-24 00:00:00,2013,6,June,2013-06,2,Monday
2013-06-25 00:00:00,2013,6,June,2013-06,3,Tuesday
2013-06-26 00:00:00,2013,6,June,2013-06,4,Wednesday
2013-06-27 00:00:00,2013,6,June,2013-06,5,Thursday
2013-06-28 00:00:00,2013,6,June,2013-06,6,Friday
2013-06-29 00:00:00,2013,6,June,2013-06,7,Saturday
2013-06-30 00:00:00,2013,6,June,2013-06,1,Sunday
2013-07-01 00:00:00,2013,7,July,2013-07,2,Monday
2013-07-02 00:00:00,2013,7,July,2013-07,3,Tuesday
2013-07-03 00:00:00,2013,7,July,2013-07,4,Wednesday
2013-07-04 00:00:00,2013,7,July,2013-07,5,Thursday
2013-07-05 00:00:00,2013,7,July,2013-07,6,Friday
2013-07-06 00:00:00,2013,7,July,2013-07,7,Saturday
2013-07-07 00:00:00,2013,7,July,2013-07,1,Sunday
2013-07-08 00:00:00,2013,7,July,2013-07,2,Monday
2013-07-09 00:00:00,2013,7,July,2013-07,3,Tuesday
2013-07-10 00:00:00,2013,7,July,2013-07,4,Wednesday
2013-07-11 00:00:00,2013,7,July,2013-07,5,Thursday
2013-07-12 00:00:00,2013,7,July,2013-07,6,Friday
2013-07-13 00:00:00,2013,7,July,2013-07,7,Saturday
2013-07-14 00:00:00,2013,7,July,2013-07,1,Sunday
2013-07-15 00:00:00,2013,7,July,2013-07,2,Monday
2013-07-16 00:00:00,2013,7,July,2013-07,3,Tuesday
2013-07-17 00:00:00,2013,7,July,2013-07,4,Wednesday
2013-07-18 00:00:00,2013,7,July,2013-07,5,Thursday
2013-07-19 00:00:00,2013,7,July,2013-07,6,Friday
2013-07-20 00:00:00,2013,7,July,2013-07,7,Saturday
2013-07-21 00:00:00,2013,7,July,2013-07,1,Sunday
2013-07-22 00:00:00,2013,7,July,2013-07,2,Monday
2013-07-23 00:00:00,2013,7,July,2013-07,3,Tuesday
2013-07-24 00:00:00,2013,7,July,2013-07,4,Wednesday
2013-07-25 00:00:00,2013,7,July,2013-07,5,Thursday
2013-07-26 00:00:00,2013,7,July,2013-07,6,Friday
2013-07-27 00:00:00,2013,7,July,2013-07,7,Saturday
2013-07-28 00:00:00,2013,7,July,2013-07,1,Sunday
2013-07-29 00:00:00,2013,7,July,2013-07,2,Monday
2013-07-30 00:00:00,2013,7,July,2013-07,3,Tuesday
2013-07-31 00:00:00,2013,7,July,2013-07,4,Wednesday
2013-08-01 00:00:00,2013,8,August,2013-08,5,Thursday
2013-08-02 00:00:00,2013,8,August,2013-08,6,Friday
2013-08-03 00:00:00,2013,8,August,2013-08,7,Saturday
2013-08-04 00:00:00,2013,8,August,2013-08,1,Sunday
2013-08-05 00:00:00,2013,8,August,2013-08,2,Monday
2013-08-06 00:00:00,2013,8,August,2013-08,3,Tuesday
2013-08-07 00:00:00,2013,8,August,2013-08,4,Wednesday
2013-08-08 00:00:00,2013,8,August,2013-08,5,Thursday
2013-08-09 00:00:00,2013,8,August,2013-08,6,Friday
2013-08-10 00:00:00,2013,8,August,2013-08,7,Saturday
2013-08-11 00:00:00,2013,8,August,2013-08,1,Sunday
2013-08-12 00:00:00,2013,8,August,2013-08,2,Monday
2013-08-13 00:00:00,2013,8,August,2013-08,3,Tuesday
2013-08-14 00:00:00,2013,8,August,2013-08,4,Wednesday
2013-08-15 00:00:00,2013,8,August,2013-08,5,Thursday
2013-08-16 00:00:00,2013,8,August,2013-08,6,Friday
2013-08-17 00:00:00,2013,8,August,2013-08,7,Saturday
2013-08-18 00:00:00,2013,8,August,2013-08,1,Sunday
2013-08-19 00:00:00,2013,8,August,2013-08,2,Monday
2013-08-20 00:00:00,2013,8,August,2013-08,3,Tuesday
2013-08-21 00:00:00,2013,8,August,2013-08,4,Wednesday
2013-08-22 00:00:00,2013,8,August,2013-08,5,Thursday
2013-08-23 00:00:00,2013,8,August,2013-08,6,Friday
2013-08-24 00:00:00,2013,8,August,2013-08,7,Saturday
2013-08-25 00:00:00,2013,8,August,2013-08,1,Sunday
2013-08-26 00:00:00,2013,8,August,2013-08,2,Monday
2013-08-27 00:00:00,2013,8,August,2013-08,3,Tuesday
2013-08-28 00:00:00,2013,8,August,2013-08,4,Wednesday
2013-08-29 00:00:00,2013,8,August,2013-08,5,Thursday
2013-08-30 00:00:00,2013,8,August,2013-08,6,Friday
2013-08-31 00:00:00,2013,8,August,2013-08,7,Saturday
2013-09-01 00:00:00,2013,9,September,2013-09,1,Sunday
2013-09-02 00:00:00,2013,9,September,2013-09,2,Monday
2013-09-03 00:00:00,2013,9,September,2013-09,3,Tuesday
2013-09-04 00:00:00,2013,9,September,2013-09,4,Wednesday
2013-09-05 00:00:00,2013,9,September,2013-09,5,Thursday
2013-09-06 00:00:00,2013,9,September,2013-09,6,Friday
2013-09-07 00:00:00,2013,9,September,2013-09,7,Saturday
2013-09-08 00:00:00,2013,9,September,2013-09,1,Sunday
2013-09-09 00:00:00,2013,9,September,2013-09,2,Monday
2013-09-10 00:00:00,2013,9,September,2013-09,3,Tuesday
2013-09-11 00:00:00,2013,9,September,2013-09,4,Wednesday
2013-09-12 00:00:00,2013,9,September,2013-09,5,Thursday
2013-09-13 00:00:00,2013,9,September,2013-09,6,Friday
2013-09-14 00:00:00,2013,9,September,2013-09,7,Saturday
2013-09-15 00:00:00,2013,9,September,2013-09,1,Sunday
2013-09-16 00:00:00,2013,9,September,2013-09,2,Monday
2013-09-17 00:00:00,2013,9,September,2013-09,3,Tuesday
2013-09-18 00:00:00,2013,9,September,2013-09,4,Wednesday
2013-09-19 00:00:00,2013,9,September,2013-09,5,Thursday
2013-09-20 00:00:00,2013,9,September,2013-09,6,Friday
2013-09-21 00:00:00,2013,9,September,2013-09,7,Saturday
2013-09-22 00:00:00,2013,9,September,2013-09,1,Sunday
2013-09-23 00:00:00,2013,9,September,2013-09,2,Monday
2013-09-24 00:00:00,2013,9,September,2013-09,3,Tuesday
2013-09-25 00:00:00,2013,9,September,2013-09,4,Wednesday
2013-09-26 00:00:00,2013,9,September,2013-09,5,Thursday
2013-09-27 00:00:00,2013,9,September,2013-09,6,Friday
2013-09-28 00:00:00,2013,9,September,2013-09,7,Saturday
2013-09-29 00:00:00,2013,9,September,2013-09,1,Sunday
2013-09-30 00:00:00,2013,9,September,2013-09,2,Monday
2013-10-01 00:00:00,2013,10,October,2013-10,3,Tuesday
2013-10-02 00:00:00,2013,10,October,2013-10,4,Wednesday
2013-10-03 00:00:00,2013,10,October,2013-10,5,Thursday
2013-10-04 00:00:00,2013,10,October,2013-10,6,Friday
2013-10-05 00:00:00,2013,10,October,2013-10,7,Saturday
2013-10-06 00:00:00,2013,10,October,2013-10,1,Sunday
2013-10-07 00:00:00,2013,10,October,2013-10,2,Monday
2013-10-08 00:00:00,2013,10,October,2013-10,3,Tuesday
2013-10-09 00:00:00,2013,10,October,2013-10,4,Wednesday
2013-10-10 00:00:00,2013,10,October,2013-10,5,Thursday
2013-10-11 00:00:00,2013,10,October,2013-10,6,Friday
2013-10-12 00:00:00,2013,10,October,2013-10,7,Saturday
2013-10-13 00:00:00,2013,10,October,2013-10,1,Sunday
2013-10-14 00:00:00,2013,10,October,2013-10,2,Monday
2013-10-15 00:00:00,2013,10,October,2013-10,3,Tuesday
2013-10-16 00:00:00,2013,10,October,2013-10,4,Wednesday
2013-10-17 00:00:00,2013,10,October,2013-10,5,Thursday
2013-10-18 00:00:00,2013,10,October,2013-10,6,Friday
2013-10-19 00:00:00,2013,10,October,2013-10,7,Saturday
2013-10-20 00:00:00,2013,10,October,2013-10,1,Sunday
2013-10-21 00:00:00,2013,10,October,2013-10,2,Monday
2013-10-22 00:00:00,2013,10,October,2013-10,3,Tuesday
2013-10-23 00:00:00,2013,10,October,2013-10,4,Wednesday
2013-10-24 00:00:00,2013,10,October,2013-10,5,Thursday
2013-10-25 00:00:00,2013,10,October,2013-10,6,Friday
2013-10-26 00:00:00,2013,10,October,2013-10,7,Saturday
2013-10-27 00:00:00,2013,10,October,2013-10,1,Sunday
2013-10-28 00:00:00,2013,10,October,2013-10,2,Monday
2013-10-29 00:00:00,2013,10,October,2013-10,3,Tuesday
2013-10-30 00:00:00,2013,10,October,2013-10,4,Wednesday
2013-10-31 00:00:00,2013,10,October,2013-10,5,Thursday
2013-11-01 00:00:00,2013,11,November,2013-11,6,Friday
2013-11-02 00:00:00,2013,11,November,2013-11,7,Saturday
2013-11-03 00:00:00,2013,11,November,2013-11,1,Sunday
2013-11-04 00:00:00,2013,11,November,2013-11,2,Monday
2013-11-05 00:00:00,2013,11,November,2013-11,3,Tuesday
2013-11-06 00:00:00,2013,11,November,2013-11,4,Wednesday
2013-11-07 00:00:00,2013,11,November,2013-11,5,Thursday
2013-11-08 00:00:00,2013,11,November,2013-11,6,Friday
2013-11-09 00:00:00,2013,11,November,2013-11,7,Saturday
2013-11-10 00:00:00,2013,11,November,2013-11,1,Sunday
2013-11-11 00:00:00,2013,11,November,2013-11,2,Monday
2013-11-12 00:00:00,2013,11,November,2013-11,3,Tuesday
2013-11-13 00:00:00,2013,11,November,2013-11,4,Wednesday
2013-11-14 00:00:00,2013,11,November,2013-11,5,Thursday
2013-11-15 00:00:00,2013,11,November,2013-11,6,Friday
2013-11-16 00:00:00,2013,11,November,2013-11,7,Saturday
2013-11-17 00:00:00,2013,11,November,2013-11,1,Sunday
2013-11-18 00:00:00,2013,11,November,2013-11,2,Monday
2013-11-19 00:00:00,2013,11,November,2013-11,3,Tuesday
2013-11-20 00:00:00,2013,11,November,2013-11,4,Wednesday
2013-11-21 00:00:00,2013,11,November,2013-11,5,Thursday
2013-11-22 00:00:00,2013,11,November,2013-11,6,Friday
2013-11-23 00:00:00,2013,11,November,2013-11,7,Saturday
2013-11-24 00:00:00,2013,11,November,2013-11,1,Sunday
2013-11-25 00:00:00,2013,11,November,2013-11,2,Monday
2013-11-26 00:00:00,2013,11,November,2013-11,3,Tuesday
2013-11-27 00:00:00,2013,11,November,2013-11,4,Wednesday
2013-11-28 00:00:00,2013,11,November,2013-11,5,Thursday
2013-11-29 00:00:00,2013,11,November,2013-11,6,Friday
2013-11-30 00:00:00,2013,11,November,2013-11,7,Saturday
2013-12-01 00:00:00,2013,12,December,2013-12,1,Sunday
2013-12-02 00:00:00,2013,12,December,2013-12,2,Monday
2013-12-03 00:00:00,2013,12,December,2013-12,3,Tuesday
2013-12-04 00:00:00,2013,12,December,2013-12,4,Wednesday
2013-12-05 00:00:00,2013,12,December,2013-12,5,Thursday
2013-12-06 00:00:00,2013,12,December,2013-12,6,Friday
2013-12-07 00:00:00,2013,12,December,2013-12,7,Saturday
2013-12-08 00:00:00,2013,12,December,2013-12,1,Sunday
2013-12-09 00:00:00,2013,12,December,2013-12,2,Monday
2013-12-10 00:00:00,2013,12,December,2013-12,3,Tuesday
2013-12-11 00:00:00,2013,12,December,2013-12,4,Wednesday
2013-12-12 00:00:00,2013,12,December,2013-12,5,Thursday
2013-12-13 00:00:00,2013,12,December,2013-12,6,Friday
2013-12-14 00:00:00,2013,12,December,2013-12,7,Saturday
2013-12-15 00:00:00,2013,12,December,2013-12,1,Sunday
2013-12-16 00:00:00,2013,12,December,2013-12,2,Monday
2013-12-17 00:00:00,2013,12,December,2013-12,3,Tuesday
2013-12-18 00:00:00,2013,12,December,2013-12,4,Wednesday
2013-12-19 00:00:00,2013,12,December,2013-12,5,Thursday
2013-12-20 00:00:00,2013,12,December,2013-12,6,Friday
2013-12-21 00:00:00,2013,12,December,2013-12,7,Saturday
2013-12-22 00:00:00,2013,12,December,2013-12,1,Sunday
2013-12-23 00:00:00,2013,12,December,2013-12,2,Monday
2013-12-24 00:00:00,2013,12,December,2013-12,3,Tuesday
2013-12-25 00:00:00,2013,12,December,2013-12,4,Wednesday
2013-12-26 00:00:00,2013,12,December,2013-12,5,Thursday
2013-12-27 00:00:00,2013,12,December,2013-12,6,Friday
2013-12-28 00:00:00,2013,12,December,2013-12,7,Saturday
2013-12-29 00:00:00,2013,12,December,2013-12,1,Sunday
2013-12-30 00:00:00,2013,12,December,2013-12,2,Monday
2013-12-31 00:00:00,2013,12,December,2013-12,3,Tuesday
2014-01-01 00:00:00,2014,1,January,2014-01,4,Wednesday
2014-01-02 00:00:00,2014,1,January,2014-01,5,Thursday
2014-01-03 00:00:00,2014,1,January,2014-01,6,Friday
2014-01-04 00:00:00,2014,1,January,2014-01,7,Saturday
2014-01-05 00:00:00,2014,1,January,2014-01,1,Sunday
2014-01-06 00:00:00,2014,1,January,2014-01,2,Monday
2014-01-07 00:00:00,2014,1,January,2014-01,3,Tuesday
2014-01-08 00:00:00,2014,1,January,2014-01,4,Wednesday
2014-01-09 00:00:00,2014,1,January,2014-01,5,Thursday
2014-01-10 00:00:00,2014,1,January,2014-01,6,Friday
2014-01-11 00:00:00,2014,1,January,2014-01,7,Saturday
2014-01-12 00:00:00,2014,1,January,2014-01,1,Sunday
2014-01-13 00:00:00,2014,1,January,2014-01,2,Monday
2014-01-14 00:00:00,2014,1,January,2014-01,3,Tuesday
2014-01-15 00:00:00,2014,1,January,2014-01,4,Wednesday
2014-01-16 00:00:00,2014,1,January,2014-01,5,Thursday
2014-01-17 00:00:00,2014,1,January,2014-01,6,Friday
2014-01-18 00:00:00,2014,1,January,2014-01,7,Saturday
2014-01-19 00:00:00,2014,1,January,2014-01,1,Sunday
2014-01-20 00:00:00,2014,1,January,2014-01,2,Monday
2014-01-21 00:00:00,2014,1,January,2014-01,3,Tuesday
2014-01-22 00:00:00,2014,1,January,2014-01,4,Wednesday
2014-01-23 00:00:00,2014,1,January,2014-01,5,Thursday
2014-01-24 00:00:00,2014,1,January,2014-01,6,Friday
2014-01-25 00:00:00,2014,1,January,2014-01,7,Saturday
2014-01-26 00:00:00,2014,1,January,2014-01,1,Sunday
2014-01-27 00:00:00,2014,1,January,2014-01,2,Monday
2014-01-28 00:00:00,2014,1,January,2014-01,3,Tuesday
2014-01-29 00:00:00,2014,1,January,2014-01,4,Wednesday
2014-01-30 00:00:00,2014,1,January,2014-01,5,Thursday
2014-01-31 00:00:00,2014,1,January,2014-01,6,Friday
2014-02-01 00:00:00,2014,2,February,2014-02,7,Saturday
2014-02-02 00:00:00,2014,2,February,2014-02,1,Sunday
2014-02-03 00:00:00,2014,2,February,2014-02,2,Monday
2014-02-04 00:00:00,2014,2,February,2014-02,3,Tuesday
2014-02-05 00:00:00,2014,2,February,2014-02,4,Wednesday
2014-02-06 00:00:00,2014,2,February,2014-02,5,Thursday
2014-02-07 00:00:00,2014,2,February,2014-02,6,Friday
2014-02-08 00:00:00,2014,2,February,2014-02,7,Saturday
2014-02-09 00:00:00,2014,2,February,2014-02,1,Sunday
2014-02-10 00:00:00,2014,2,February,2014-02,2,Monday
2014-02-11 00:00:00,2014,2,February,2014-02,3,Tuesday
2014-02-12 00:00:00,2014,2,February,2014-02,4,Wednesday
2014-02-13 00:00:00,2014,2,February,2014-02,5,Thursday
2014-02-14 00:00:00,2014,2,February,2014-02,6,Friday
2014-02-15 00:00:00,2014,2,February,2014-02,7,Saturday
2014-02-16 00:00:00,2014,2,February,2014-02,1,Sunday
2014-02-17 00:00:00,2014,2,February,2014-02,2,Monday
2014-02-18 00:00:00,2014,2,February,2014-02,3,Tuesday
2014-02-19 00:00:00,2014,2,February,2014-02,4,Wednesday
2014-02-20 00:00:00,2014,2,February,2014-02,5,Thursday
2014-02-21 00:00:00,2014,2,February,2014-02,6,Friday
2014-02-22 00:00:00,2014,2,February,2014-02,7,Saturday
2014-02-23 00:00:00,2014,2,February,2014-02,1,Sunday
2014-02-24 00:00:00,2014,2,February,2014-02,2,Monday
2014-02-25 00:00:00,2014,2,February,2014-02,3,Tuesday
2014-02-26 00:00:00,2014,2,February,2014-02,4,Wednesday
2014-02-27 00:00:00,2014,2,February,2014-02,5,Thursday
2014-02-28 00:00:00,2014,2,February,2014-02,6,Friday
2014-03-01 00:00:00,2014,3,March,2014-03,7,Saturday
2014-03-02 00:00:00,2014,3,March,2014-03,1,Sunday
2014-03-03 00:00:00,2014,3,March,2014-03,2,Monday
2014-03-04 00:00:00,2014,3,March,2014-03,3,Tuesday
2014-03-05 00:00:00,2014,3,March,2014-03,4,Wednesday
2014-03-06 00:00:00,2014,3,March,2014-03,5,Thursday
2014-03-07 00:00:00,2014,3,March,2014-03,6,Friday
2014-03-08 00:00:00,2014,3,March,2014-03,7,Saturday
2014-03-09 00:00:00,2014,3,March,2014-03,1,Sunday
2014-03-10 00:00:00,2014,3,March,2014-03,2,Monday
2014-03-11 00:00:00,2014,3,March,2014-03,3,Tuesday
2014-03-12 00:00:00,2014,3,March,2014-03,4,Wednesday
2014-03-13 00:00:00,2014,3,March,2014-03,5,Thursday
2014-03-14 00:00:00,2014,3,March,2014-03,6,Friday
2014-03-15 00:00:00,2014,3,March,2014-03,7,Saturday
2014-03-16 00:00:00,2014,3,March,2014-03,1,Sunday
2014-03-17 00:00:00,2014,3,March,2014-03,2,Monday
2014-03-18 00:00:00,2014,3,March,2014-03,3,Tuesday
2014-03-19 00:00:00,2014,3,March,2014-03,4,Wednesday
2014-03-20 00:00:00,2014,3,March,2014-03,5,Thursday
2014-03-21 00:00:00,2014,3,March,2014-03,6,Friday
2014-03-22 00:00:00,2014,3,March,2014-03,7,Saturday
2014-03-23 00:00:00,2014,3,March,2014-03,1,Sunday
2014-03-24 00:00:00,2014,3,March,2014-03,2,Monday
2014-03-25 00:00:00,2014,3,March,2014-03,3,Tuesday
2014-03-26 00:00:00,2014,3,March,2014-03,4,Wednesday
2014-03-27 00:00:00,2014,3,March,2014-03,5,Thursday
2014-03-28 00:00:00,2014,3,March,2014-03,6,Friday
2014-03-29 00:00:00,2014,3,March,2014-03,7,Saturday
2014-03-30 00:00:00,2014,3,March,2014-03,1,Sunday
2014-03-31 00:00:00,2014,3,March,2014-03,2,Monday
2014-04-01 00:00:00,2014,4,April,2014-04,3,Tuesday
2014-04-02 00:00:00,2014,4,April,2014-04,4,Wednesday
2014-04-03 00:00:00,2014,4,April,2014-04,5,Thursday
2014-04-04 00:00:00,2014,4,April,2014-04,6,Friday
2014-04-05 00:00:00,2014,4,April,2014-04,7,Saturday
2014-04-06 00:00:00,2014,4,April,2014-04,1,Sunday
2014-04-07 00:00:00,2014,4,April,2014-04,2,Monday
2014-04-08 00:00:00,2014,4,April,2014-04,3,Tuesday
2014-04-09 00:00:00,2014,4,April,2014-04,4,Wednesday
2014-04-10 00:00:00,2014,4,April,2014-04,5,Thursday
2014-04-11 00:00:00,2014,4,April,2014-04,6,Friday
2014-04-12 00:00:00,2014,4,April,2014-04,7,Saturday
2014-04-13 00:00:00,2014,4,April,2014-04,1,Sunday
2014-04-14 00:00:00,2014,4,April,2014-04,2,Monday
2014-04-15 00:00:00,2014,4,April,2014-04,3,Tuesday
2014-04-16 00:00:00,2014,4,April,2014-04,4,Wednesday
2014-04-17 00:00:00,2014,4,April,2014-04,5,Thursday
2014-04-18 00:00:00,2014,4,April,2014-04,6,Friday
2014-04-19 00:00:00,2014,4,April,2014-04,7,Saturday
2014-04-20 00:00:00,2014,4,April,2014-04,1,Sunday
2014-04-21 00:00:00,2014,4,April,2014-04,2,Monday
2014-04-22 00:00:00,2014,4,April,2014-04,3,Tuesday
2014-04-23 00:00:00,2014,4,April,2014-04,4,Wednesday
2014-04-24 00:00:00,2014,4,April,2014-04,5,Thursday
2014-04-25 00:00:00,2014,4,April,2014-04,6,Friday
2014-04-26 00:00:00,2014,4,April,2014-04,7,Saturday
2014-04-27 00:00:00,2014,4,April,2014-04,1,Sunday
2014-04-28 00:00:00,2014,4,April,2014-04,2,Monday
2014-04-29 00:00:00,2014,4,April,2014-04,3,Tuesday
2014-04-30 00:00:00,2014,4,April,2014-04,4,Wednesday
2014-05-01 00:00:00,2014,5,May,2014-05,5,Thursday
2014-05-02 00:00:00,2014,5,May,2014-05,6,Friday
2014-05-03 00:00:00,2014,5,May,2014-05,7,Saturday
2014-05-04 00:00:00,2014,5,May,2014-05,1,Sunday
2014-05-05 00:00:00,2014,5,May,2014-05,2,Monday
2014-05-06 00:00:00,2014,5,May,2014-05,3,Tuesday
2014-05-07 00:00:00,2014,5,May,2014-05,4,Wednesday
2014-05-08 00:00:00,2014,5,May,2014-05,5,Thursday
2014-05-09 00:00:00,2014,5,May,2014-05,6,Friday
2014-05-10 00:00:00,2014,5,May,2014-05,7,Saturday
2014-05-11 00:00:00,2014,5,May,2014-05,1,Sunday
2014-05-12 00:00:00,2014,5,May,2014-05,2,Monday
2014-05-13 00:00:00,2014,5,May,2014-05,3,Tuesday
2014-05-14 00:00:00,2014,5,May,2014-05,4,Wednesday
2014-05-15 00:00:00,2014,5,May,2014-05,5,Thursday
2014-05-16 00:00:00,2014,5,May,2014-05,6,Friday
2014-05-17 00:00:00,2014,5,May,2014-05,7,Saturday
2014-05-18 00:00:00,2014,5,May,2014-05,1,Sunday
2014-05-19 00:00:00,2014,5,May,2014-05,2,Monday
2014-05-20 00:00:00,2014,5,May,2014-05,3,Tuesday
2014-05-21 00:00:00,2014,5,May,2014-05,4,Wednesday
2014-05-22 00:00:00,2014,5,May,2014-05,5,Thursday
2014-05-23 00:00:00,2014,5,May,2014-05,6,Friday
2014-05-24 00:00:00,2014,5,May,2014-05,7,Saturday
2014-05-25 00:00:00,2014,5,May,2014-05,1,Sunday
2014-05-26 00:00:00,2014,5,May,2014-05,2,Monday
2014-05-27 00:00:00,2014,5,May,2014-05,3,Tuesday
2014-05-28 00:00:00,2014,5,May,2014-05,4,Wednesday
2014-05-29 00:00:00,2014,5,May,2014-05,5,Thursday
2014-05-30 00:00:00,2014,5,May,2014-05,6,Friday
2014-05-31 00:00:00,2014,5,May,2014-05,7,Saturday
2014-06-01 00:00:00,2014,6,June,2014-06,1,Sunday
2014-06-02 00:00:00,2014,6,June,2014-06,2,Monday
2014-06-03 00:00:00,2014,6,June,2014-06,3,Tuesday
2014-06-04 00:00:00,2014,6,June,2014-06,4,Wednesday
2014-06-05 00:00:00,2014,6,June,2014-06,5,Thursday
2014-06-06 00:00:00,2014,6,June,2014-06,6,Friday
2014-06-07 00:00:00,2014,6,June,2014-06,7,Saturday
2014-06-08 00:00:00,2014,6,June,2014-06,1,Sunday
2014-06-09 00:00:00,2014,6,June,2014-06,2,Monday
2014-06-10 00:00:00,2014,6,June,2014-06,3,Tuesday
2014-06-11 00:00:00,2014,6,June,2014-06,4,Wednesday
2014-06-12 00:00:00,2014,6,June,2014-06,5,Thursday
2014-06-13 00:00:00,2014,6,June,2014-06,6,Friday
2014-06-14 00:00:00,2014,6,June,2014-06,7,Saturday
2014-06-15 00:00:00,2014,6,June,2014-06,1,Sunday
2014-06-16 00:00:00,2014,6,June,2014-06,2,Monday
2014-06-17 00:00:00,2014,6,June,2014-06,3,Tuesday
2014-06-18 00:00:00,2014,6,June,2014-06,4,Wednesday
2014-06-19 00:00:00,2014,6,June,2014-06,5,Thursday
2014-06-20 00:00:00,2014,6,June,2014-06,6,Friday
2014-06-21 00:00:00,2014,6,June,2014-06,7,Saturday
2014-06-22 00:00:00,2014,6,June,2014-06,1,Sunday
2014-06-23 00:00:00,2014,6,June,2014-06,2,Monday
2014-06-24 00:00:00,2014,6,June,2014-06,3,Tuesday
2014-06-25 00:00:00,2014,6,June,2014-06,4,Wednesday
2014-06-26 00:00:00,2014,6,June,2014-06,5,Thursday
2014-06-27 00:00:00,2014,6,June,2014-06,6,Friday
2014-06-28 00:00:00,2014,6,June,2014-06,7,Saturday
2014-06-29 00:00:00,2014,6,June,2014-06,1,Sunday
2014-06-30 00:00:00,2014,6,June,2014-06,2,Monday
2014-07-01 00:00:00,2014,7,July,2014-07,3,Tuesday
2014-07-02 00:00:00,2014,7,July,2014-07,4,Wednesday
2014-07-03 00:00:00,2014,7,July,2014-07,5,Thursday
2014-07-04 00:00:00,2014,7,July,2014-07,6,Friday
2014-07-05 00:00:00,2014,7,July,2014-07,7,Saturday
2014-07-06 00:00:00,2014,7,July,2014-07,1,Sunday
2014-07-07 00:00:00,2014,7,July,2014-07,2,Monday
2014-07-08 00:00:00,2014,7,July,2014-07,3,Tuesday
2014-07-09 00:00:00,2014,7,July,2014-07,4,Wednesday
2014-07-10 00:00:00,2014,7,July,2014-07,5,Thursday
2014-07-11 00:00:00,2014,7,July,2014-07,6,Friday
2014-07-12 00:00:00,2014,7,July,2014-07,7,Saturday
2014-07-13 00:00:00,2014,7,July,2014-07,1,Sunday
2014-07-14 00:00:00,2014,7,July,2014-07,2,Monday
2014-07-15 00:00:00,2014,7,July,2014-07,3,Tuesday
2014-07-16 00:00:00,2014,7,July,2014-07,4,Wednesday
2014-07-17 00:00:00,2014,7,July,2014-07,5,Thursday
2014-07-18 00:00:00,2014,7,July,2014-07,6,Friday
2014-07-19 00:00:00,2014,7,July,2014-07,7,Saturday
2014-07-20 00:00:00,2014,7,July,2014-07,1,Sunday
2014-07-21 00:00:00,2014,7,July,2014-07,2,Monday
2014-07-22 00:00:00,2014,7,July,2014-07,3,Tuesday
2014-07-23 00:00:00,2014,7,July,2014-07,4,Wednesday
2014-07-24 00:00:00,2014,7,July,2014-07,5,Thursday
2014-07-25 00:00:00,2014,7,July,2014-07,6,Friday
2014-07-26 00:00:00,2014,7,July,2014-07,7,Saturday
2014-07-27 00:00:00,2014,7,July,2014-07,1,Sunday
2014-07-28 00:00:00,2014,7,July,2014-07,2,Monday
2014-07-29 00:00:00,2014,7,July,2014-07,3,Tuesday
2014-07-30 00:00:00,2014,7,July,2014-07,4,Wednesday
2014-07-31 00:00:00,2014,7,July,2014-07,5,Thursday
2014-08-01 00:00:00,2014,8,August,2014-08,6,Friday
2014-08-02 00:00:00,2014,8,August,2014-08,7,Saturday
2014-08-03 00:00:00,2014,8,August,2014-08,1,Sunday
2014-08-04 00:00:00,2014,8,August,2014-08,2,Monday
2014-08-05 00:00:00,2014,8,August,2014-08,3,Tuesday
2014-08-06 00:00:00,2014,8,August,2014-08,4,Wednesday
2014-08-07 00:00:00,2014,8,August,2014-08,5,Thursday
2014-08-08 00:00:00,2014,8,August,2014-08,6,Friday
2014-08-09 00:00:00,2014,8,August,2014-08,7,Saturday
2014-08-10 00:00:00,2014,8,August,2014-08,1,Sunday
2014-08-11 00:00:00,2014,8,August,2014-08,2,Monday
2014-08-12 00:00:00,2014,8,August,2014-08,3,Tuesday
2014-08-13 00:00:00,2014,8,August,2014-08,4,Wednesday
2014-08-14 00:00:00,2014,8,August,2014-08,5,Thursday
2014-08-15 00:00:00,2014,8,August,2014-08,6,Friday
2014-08-16 00:00:00,2014,8,August,2014-08,7,Saturday
2014-08-17 00:00:00,2014,8,August,2014-08,1,Sunday
2014-08-18 00:00:00,2014,8,August,2014-08,2,Monday
2014-08-19 00:00:00,2014,8,August,2014-08,3,Tuesday
2014-08-20 00:00:00,2014,8,August,2014-08,4,Wednesday
2014-08-21 00:00:00,2014,8,August,2014-08,5,Thursday
2014-08-22 00:00:00,2014,8,August,2014-08,6,Friday
2014-08-23 00:00:00,2014,8,August,2014-08,7,Saturday
2014-08-24 00:00:00,2014,8,August,2014-08,1,Sunday
2014-08-25 00:00:00,2014,8,August,2014-08,2,Monday
2014-08-26 00:00:00,2014,8,August,2014-08,3,Tuesday
2014-08-27 00:00:00,2014,8,August,2014-08,4,Wednesday
2014-08-28 00:00:00,2014,8,August,2014-08,5,Thursday
2014-08-29 00:00:00,2014,8,August,2014-08,6,Friday
2014-08-30 00:00:00,2014,8,August,2014-08,7,Saturday
2014-08-31 00:00:00,2014,8,August,2014-08,1,Sunday
2014-09-01 00:00:00,2014,9,September,2014-09,2,Monday
2014-09-02 00:00:00,2014,9,September,2014-09,3,Tuesday
2014-09-03 00:00:00,2014,9,September,2014-09,4,Wednesday
2014-09-04 00:00:00,2014,9,September,2014-09,5,Thursday
2014-09-05 00:00:00,2014,9,September,2014-09,6,Friday
2014-09-06 00:00:00,2014,9,September,2014-09,7,Saturday
2014-09-07 00:00:00,2014,9,September,2014-09,1,Sunday
2014-09-08 00:00:00,2014,9,September,2014-09,2,Monday
2014-09-09 00:00:00,2014,9,September,2014-09,3,Tuesday
2014-09-10 00:00:00,2014,9,September,2014-09,4,Wednesday
2014-09-11 00:00:00,2014,9,September,2014-09,5,Thursday
2014-09-12 00:00:00,2014,9,September,2014-09,6,Friday
2014-09-13 00:00:00,2014,9,September,2014-09,7,Saturday
2014-09-14 00:00:00,2014,9,September,2014-09,1,Sunday
2014-09-15 00:00:00,2014,9,September,2014-09,2,Monday
2014-09-16 00:00:00,2014,9,September,2014-09,3,Tuesday
2014-09-17 00:00:00,2014,9,September,2014-09,4,Wednesday
2014-09-18 00:00:00,2014,9,September,2014-09,5,Thursday
2014-09-19 00:00:00,2014,9,September,2014-09,6,Friday
2014-09-20 00:00:00,2014,9,September,2014-09,7,Saturday
2014-09-21 00:00:00,2014,9,September,2014-09,1,Sunday
2014-09-22 00:00:00,2014,9,September,2014-09,2,Monday
2014-09-23 00:00:00,2014,9,September,2014-09,3,Tuesday
2014-09-24 00:00:00,2014,9,September,2014-09,4,Wednesday
2014-09-25 00:00:00,2014,9,September,2014-09,5,Thursday
2014-09-26 00:00:00,2014,9,September,2014-09,6,Friday
2014-09-27 00:00:00,2014,9,September,2014-09,7,Saturday
2014-09-28 00:00:00,2014,9,September,2014-09,1,Sunday
2014-09-29 00:00:00,2014,9,September,2014-09,2,Monday
2014-09-30 00:00:00,2014,9,September,2014-09,3,Tuesday
2014-10-01 00:00:00,2014,10,October,2014-10,4,Wednesday
2014-10-02 00:00:00,2014,10,October,2014-10,5,Thursday
2014-10-03 00:00:00,2014,10,October,2014-10,6,Friday
2014-10-04 00:00:00,2014,10,October,2014-10,7,Saturday
2014-10-05 00:00:00,2014,10,October,2014-10,1,Sunday
2014-10-06 00:00:00,2014,10,October,2014-10,2,Monday
2014-10-07 00:00:00,2014,10,October,2014-10,3,Tuesday
2014-10-08 00:00:00,2014,10,October,2014-10,4,Wednesday
2014-10-09 00:00:00,2014,10,October,2014-10,5,Thursday
2014-10-10 00:00:00,2014,10,October,2014-10,6,Friday
2014-10-11 00:00:00,2014,10,October,2014-10,7,Saturday
2014-10-12 00:00:00,2014,10,October,2014-10,1,Sunday
2014-10-13 00:00:00,2014,10,October,2014-10,2,Monday
2014-10-14 00:00:00,2014,10,October,2014-10,3,Tuesday
2014-10-15 00:00:00,2014,10,October,2014-10,4,Wednesday
2014-10-16 00:00:00,2014,10,October,2014-10,5,Thursday
2014-10-17 00:00:00,2014,10,October,2014-10,6,Friday
2014-10-18 00:00:00,2014,10,October,2014-10,7,Saturday
2014-10-19 00:00:00,2014,10,October,2014-10,1,Sunday
2014-10-20 00:00:00,2014,10,October,2014-10,2,Monday
2014-10-21 00:00:00,2014,10,October,2014-10,3,Tuesday
2014-10-22 00:00:00,2014,10,October,2014-10,4,Wednesday
2014-10-23 00:00:00,2014,10,October,2014-10,5,Thursday
2014-10-24 00:00:00,2014,10,October,2014-10,6,Friday
2014-10-25 00:00:00,2014,10,October,2014-10,7,Saturday
2014-10-26 00:00:00,2014,10,October,2014-10,1,Sunday
2014-10-27 00:00:00,2014,10,October,2014-10,2,Monday
2014-10-28 00:00:00,2014,10,October,2014-10,3,Tuesday
2014-10-29 00:00:00,2014,10,October,2014-10,4,Wednesday
2014-10-30 00:00:00,2014,10,October,2014-10,5,Thursday
2014-10-31 00:00:00,2014,10,October,2014-10,6,Friday
2014-11-01 00:00:00,2014,11,November,2014-11,7,Saturday
2014-11-02 00:00:00,2014,11,November,2014-11,1,Sunday
2014-11-03 00:00:00,2014,11,November,2014-11,2,Monday
2014-11-04 00:00:00,2014,11,November,2014-11,3,Tuesday
2014-11-05 00:00:00,2014,11,November,2014-11,4,Wednesday
2014-11-06 00:00:00,2014,11,November,2014-11,5,Thursday
2014-11-07 00:00:00,2014,11,November,2014-11,6,Friday
2014-11-08 00:00:00,2014,11,November,2014-11,7,Saturday
2014-11-09 00:00:00,2014,11,November,2014-11,1,Sunday
2014-11-10 00:00:00,2014,11,November,2014-11,2,Monday
2014-11-11 00:00:00,2014,11,November,2014-11,3,Tuesday
2014-11-12 00:00:00,2014,11,November,2014-11,4,Wednesday
2014-11-13 00:00:00,2014,11,November,2014-11,5,Thursday
2014-11-14 00:00:00,2014,11,November,2014-11,6,Friday
2014-11-15 00:00:00,2014,11,November,2014-11,7,Saturday
2014-11-16 00:00:00,2014,11,November,2014-11,1,Sunday
2014-11-17 00:00:00,2014,11,November,2014-11,2,Monday
2014-11-18 00:00:00,2014,11,November,2014-11,3,Tuesday
2014-11-19 00:00:00,2014,11,November,2014-11,4,Wednesday
2014-11-20 00:00:00,2014,11,November,2014-11,5,Thursday
2014-11-21 00:00:00,2014,11,November,2014-11,6,Friday
2014-11-22 00:00:00,2014,11,November,2014-11,7,Saturday
2014-11-23 00:00:00,2014,11,November,2014-11,1,Sunday
2014-11-24 00:00:00,2014,11,November,2014-11,2,Monday
2014-11-25 00:00:00,2014,11,November,2014-11,3,Tuesday
2014-11-26 00:00:00,2014,11,November,2014-11,4,Wednesday
2014-11-27 00:00:00,2014,11,November,2014-11,5,Thursday
2014-11-28 00:00:00,2014,11,November,2014-11,6,Friday
2014-11-29 00:00:00,2014,11,November,2014-11,7,Saturday
2014-11-30 00:00:00,2014,11,November,2014-11,1,Sunday
2014-12-01 00:00:00,2014,12,December,2014-12,2,Monday
2014-12-02 00:00:00,2014,12,December,2014-12,3,Tuesday
2014-12-03 00:00:00,2014,12,December,2014-12,4,Wednesday
2014-12-04 00:00:00,2014,12,December,2014-12,5,Thursday
2014-12-05 00:00:00,2014,12,December,2014-12,6,Friday
2014-12-06 00:00:00,2014,12,December,2014-12,7,Saturday
2014-12-07 00:00:00,2014,12,December,2014-12,1,Sunday
2014-12-08 00:00:00,2014,12,December,2014-12,2,Monday
2014-12-09 00:00:00,2014,12,December,2014-12,3,Tuesday
2014-12-10 00:00:00,2014,12,December,2014-12,4,Wednesday
2014-12-11 00:00:00,2014,12,December,2014-12,5,Thursday
2014-12-12 00:00:00,2014,12,December,2014-12,6,Friday
2014-12-13 00:00:00,2014,12,December,2014-12,7,Saturday
2014-12-14 00:00:00,2014,12,December,2014-12,1,Sunday
2014-12-15 00:00:00,2014,12,December,2014-12,2,Monday
2014-12-16 00:00:00,2014,12,December,2014-12,3,Tuesday
2014-12-17 00:00:00,2014,12,December,2014-12,4,Wednesday
2014-12-18 00:00:00,2014,12,December,2014-12,5,Thursday
2014-12-19 00:00:00,2014,12,December,2014-12,6,Friday
2014-12-20 00:00:00,2014,12,December,2014-12,7,Saturday
2014-12-21 00:00:00,2014,12,December,2014-12,1,Sunday
2014-12-22 00:00:00,2014,12,December,2014-12,2,Monday
2014-12-23 00:00:00,2014,12,December,2014-12,3,Tuesday
2014-12-24 00:00:00,2014,12,December,2014-12,4,Wednesday
2014-12-25 00:00:00,2014,12,December,2014-12,5,Thursday
2014-12-26 00:00:00,2014,12,December,2014-12,6,Friday
2014-12-27 00:00:00,2014,12,December,2014-12,7,Saturday
2014-12-28 00:00:00,2014,12,December,2014-12,1,Sunday
2014-12-29 00:00:00,2014,12,December,2014-12,2,Monday
2014-12-30 00:00:00,2014,12,December,2014-12,3,Tuesday
2014-12-31 00:00:00,2014,12,December,2014-12,4,Wednesday
2015-01-01 00:00:00,2015,1,January,2015-01,5,Thursday
2015-01-02 00:00:00,2015,1,January,2015-01,6,Friday
2015-01-03 00:00:00,2015,1,January,2015-01,7,Saturday
2015-01-04 00:00:00,2015,1,January,2015-01,1,Sunday
2015-01-05 00:00:00,2015,1,January,2015-01,2,Monday
2015-01-06 00:00:00,2015,1,January,2015-01,3,Tuesday
2015-01-07 00:00:00,2015,1,January,2015-01,4,Wednesday
2015-01-08 00:00:00,2015,1,January,2015-01,5,Thursday
2015-01-09 00:00:00,2015,1,January,2015-01,6,Friday
2015-01-10 00:00:00,2015,1,January,2015-01,7,Saturday
2015-01-11 00:00:00,2015,1,January,2015-01,1,Sunday
2015-01-12 00:00:00,2015,1,January,2015-01,2,Monday
2015-01-13 00:00:00,2015,1,January,2015-01,3,Tuesday
2015-01-14 00:00:00,2015,1,January,2015-01,4,Wednesday
2015-01-15 00:00:00,2015,1,January,2015-01,5,Thursday
2015-01-16 00:00:00,2015,1,January,2015-01,6,Friday
2015-01-17 00:00:00,2015,1,January,2015-01,7,Saturday
2015-01-18 00:00:00,2015,1,January,2015-01,1,Sunday
2015-01-19 00:00:00,2015,1,January,2015-01,2,Monday
2015-01-20 00:00:00,2015,1,January,2015-01,3,Tuesday
2015-01-21 00:00:00,2015,1,January,2015-01,4,Wednesday
2015-01-22 00:00:00,2015,1,January,2015-01,5,Thursday
2015-01-23 00:00:00,2015,1,January,2015-01,6,Friday
2015-01-24 00:00:00,2015,1,January,2015-01,7,Saturday
2015-01-25 00:00:00,2015,1,January,2015-01,1,Sunday
2015-01-26 00:00:00,2015,1,January,2015-01,2,Monday
2015-01-27 00:00:00,2015,1,January,2015-01,3,Tuesday
2015-01-28 00:00:00,2015,1,January,2015-01,4,Wednesday
2015-01-29 00:00:00,2015,1,January,2015-01,5,Thursday
2015-01-30 00:00:00,2015,1,January,2015-01,6,Friday
2015-01-31 00:00:00,2015,1,January,2015-01,7,Saturday
2015-02-01 00:00:00,2015,2,February,2015-02,1,Sunday
2015-02-02 00:00:00,2015,2,February,2015-02,2,Monday
2015-02-03 00:00:00,2015,2,February,2015-02,3,Tuesday
2015-02-04 00:00:00,2015,2,February,2015-02,4,Wednesday
2015-02-05 00:00:00,2015,2,February,2015-02,5,Thursday
2015-02-06 00:00:00,2015,2,February,2015-02,6,Friday
2015-02-07 00:00:00,2015,2,February,2015-02,7,Saturday
2015-02-08 00:00:00,2015,2,February,2015-02,1,Sunday
2015-02-09 00:00:00,2015,2,February,2015-02,2,Monday
2015-02-10 00:00:00,2015,2,February,2015-02,3,Tuesday
2015-02-11 00:00:00,2015,2,February,2015-02,4,Wednesday
2015-02-12 00:00:00,2015,2,February,2015-02,5,Thursday
2015-02-13 00:00:00,2015,2,February,2015-02,6,Friday
2015-02-14 00:00:00,2015,2,February,2015-02,7,Saturday
2015-02-15 00:00:00,2015,2,February,2015-02,1,Sunday
2015-02-16 00:00:00,2015,2,February,2015-02,2,Monday
2015-02-17 00:00:00,2015,2,February,2015-02,3,Tuesday
2015-02-18 00:00:00,2015,2,February,2015-02,4,Wednesday
2015-02-19 00:00:00,2015,2,February,2015-02,5,Thursday
2015-02-20 00:00:00,2015,2,February,2015-02,6,Friday
2015-02-21 00:00:00,2015,2,February,2015-02,7,Saturday
2015-02-22 00:00:00,2015,2,February,2015-02,1,Sunday
2015-02-23 00:00:00,2015,2,February,2015-02,2,Monday
2015-02-24 00:00:00,2015,2,February,2015-02,3,Tuesday
2015-02-25 00:00:00,2015,2,February,2015-02,4,Wednesday
2015-02-26 00:00:00,2015,2,February,2015-02,5,Thursday
2015-02-27 00:00:00,2015,2,February,2015-02,6,Friday
2015-02-28 00:00:00,2015,2,February,2015-02,7,Saturday
2015-03-01 00:00:00,2015,3,March,2015-03,1,Sunday
2015-03-02 00:00:00,2015,3,March,2015-03,2,Monday
2015-03-03 00:00:00,2015,3,March,2015-03,3,Tuesday
2015-03-04 00:00:00,2015,3,March,2015-03,4,Wednesday
2015-03-05 00:00:00,2015,3,March,2015-03,5,Thursday
2015-03-06 00:00:00,2015,3,March,2015-03,6,Friday
2015-03-07 00:00:00,2015,3,March,2015-03,7,Saturday
2015-03-08 00:00:00,2015,3,March,2015-03,1,Sunday
2015-03-09 00:00:00,2015,3,March,2015-03,2,Monday
2015-03-10 00:00:00,2015,3,March,2015-03,3,Tuesday
2015-03-11 00:00:00,2015,3,March,2015-03,4,Wednesday
2015-03-12 00:00:00,2015,3,March,2015-03,5,Thursday
2015-03-13 00:00:00,2015,3,March,2015-03,6,Friday
2015-03-14 00:00:00,2015,3,March,2015-03,7,Saturday
2015-03-15 00:00:00,2015,3,March,2015-03,1,Sunday
2015-03-16 00:00:00,2015,3,March,2015-03,2,Monday
2015-03-17 00:00:00,2015,3,March,2015-03,3,Tuesday
2015-03-18 00:00:00,2015,3,March,2015-03,4,Wednesday
2015-03-19 00:00:00,2015,3,March,2015-03,5,Thursday
2015-03-20 00:00:00,2015,3,March,2015-03,6,Friday
2015-03-21 00:00:00,2015,3,March,2015-03,7,Saturday
2015-03-22 00:00:00,2015,3,March,2015-03,1,Sunday
2015-03-23 00:00:00,2015,3,March,2015-03,2,Monday
2015-03-24 00:00:00,2015,3,March,2015-03,3,Tuesday
2015-03-25 00:00:00,2015,3,March,2015-03,4,Wednesday
2015-03-26 00:00:00,2015,3,March,2015-03,5,Thursday
2015-03-27 00:00:00,2015,3,March,2015-03,6,Friday
2015-03-28 00:00:00,2015,3,March,2015-03,7,Saturday
2015-03-29 00:00:00,2015,3,March,2015-03,1,Sunday
2015-03-30 00:00:00,2015,3,March,2015-03,2,Monday
2015-03-31 00:00:00,2015,3,March,2015-03,3,Tuesday
2015-04-01 00:00:00,2015,4,April,2015-04,4,Wednesday
2015-04-02 00:00:00,2015,4,April,2015-04,5,Thursday
2015-04-03 00:00:00,2015,4,April,2015-04,6,Friday
2015-04-04 00:00:00,2015,4,April,2015-04,7,Saturday
2015-04-05 00:00:00,2015,4,April,2015-04,1,Sunday
2015-04-06 00:00:00,2015,4,April,2015-04,2,Monday
2015-04-07 00:00:00,2015,4,April,2015-04,3,Tuesday
2015-04-08 00:00:00,2015,4,April,2015-04,4,Wednesday
2015-04-09 00:00:00,2015,4,April,2015-04,5,Thursday
2015-04-10 00:00:00,2015,4,April,2015-04,6,Friday
2015-04-11 00:00:00,2015,4,April,2015-04,7,Saturday
2015-04-12 00:00:00,2015,4,April,2015-04,1,Sunday
2015-04-13 00:00:00,2015,4,April,2015-04,2,Monday
2015-04-14 00:00:00,2015,4,April,2015-04,3,Tuesday
2015-04-15 00:00:00,2015,4,April,2015-04,4,Wednesday
2015-04-16 00:00:00,2015,4,April,2015-04,5,Thursday
2015-04-17 00:00:00,2015,4,April,2015-04,6,Friday
2015-04-18 00:00:00,2015,4,April,2015-04,7,Saturday
2015-04-19 00:00:00,2015,4,April,2015-04,1,Sunday
2015-04-20 00:00:00,2015,4,April,2015-04,2,Monday
2015-04-21 00:00:00,2015,4,April,2015-04,3,Tuesday
2015-04-22 00:00:00,2015,4,April,2015-04,4,Wednesday
2015-04-23 00:00:00,2015,4,April,2015-04,5,Thursday
2015-04-24 00:00:00,2015,4,April,2015-04,6,Friday
2015-04-25 00:00:00,2015,4,April,2015-04,7,Saturday
2015-04-26 00:00:00,2015,4,April,2015-04,1,Sunday
2015-04-27 00:00:00,2015,4,April,2015-04,2,Monday
2015-04-28 00:00:00,2015,4,April,2015-04,3,Tuesday
2015-04-29 00:00:00,2015,4,April,2015-04,4,Wednesday
2015-04-30 00:00:00,2015,4,April,2015-04,5,Thursday
2015-05-01 00:00:00,2015,5,May,2015-05,6,Friday
2015-05-02 00:00:00,2015,5,May,2015-05,7,Saturday
2015-05-03 00:00:00,2015,5,May,2015-05,1,Sunday
2015-05-04 00:00:00,2015,5,May,2015-05,2,Monday
2015-05-05 00:00:00,2015,5,May,2015-05,3,Tuesday
2015-05-06 00:00:00,2015,5,May,2015-05,4,Wednesday
2015-05-07 00:00:00,2015,5,May,2015-05,5,Thursday
2015-05-08 00:00:00,2015,5,May,2015-05,6,Friday
2015-05-09 00:00:00,2015,5,May,2015-05,7,Saturday
2015-05-10 00:00:00,2015,5,May,2015-05,1,Sunday
2015-05-11 00:00:00,2015,5,May,2015-05,2,Monday
2015-05-12 00:00:00,2015,5,May,2015-05,3,Tuesday
2015-05-13 00:00:00,2015,5,May,2015-05,4,Wednesday
2015-05-14 00:00:00,2015,5,May,2015-05,5,Thursday
2015-05-15 00:00:00,2015,5,May,2015-05,6,Friday
2015-05-16 00:00:00,2015,5,May,2015-05,7,Saturday
2015-05-17 00:00:00,2015,5,May,2015-05,1,Sunday
2015-05-18 00:00:00,2015,5,May,2015-05,2,Monday
2015-05-19 00:00:00,2015,5,May,2015-05,3,Tuesday
2015-05-20 00:00:00,2015,5,May,2015-05,4,Wednesday
2015-05-21 00:00:00,2015,5,May,2015-05,5,Thursday
2015-05-22 00:00:00,2015,5,May,2015-05,6,Friday
2015-05-23 00:00:00,2015,5,May,2015-05,7,Saturday
2015-05-24 00:00:00,2015,5,May,2015-05,1,Sunday
2015-05-25 00:00:00,2015,5,May,2015-05,2,Monday
2015-05-26 00:00:00,2015,5,May,2015-05,3,Tuesday
2015-05-27 00:00:00,2015,5,May,2015-05,4,Wednesday
2015-05-28 00:00:00,2015,5,May,2015-05,5,Thursday
2015-05-29 00:00:00,2015,5,May,2015-05,6,Friday
2015-05-30 00:00:00,2015,5,May,2015-05,7,Saturday
2015-05-31 00:00:00,2015,5,May,2015-05,1,Sunday
2015-06-01 00:00:00,2015,6,June,2015-06,2,Monday
2015-06-02 00:00:00,2015,6,June,2015-06,3,Tuesday
2015-06-03 00:00:00,2015,6,June,2015-06,4,Wednesday
2015-06-04 00:00:00,2015,6,June,2015-06,5,Thursday
2015-06-05 00:00:00,2015,6,June,2015-06,6,Friday
2015-06-06 00:00:00,2015,6,June,2015-06,7,Saturday
2015-06-07 00:00:00,2015,6,June,2015-06,1,Sunday
2015-06-08 00:00:00,2015,6,June,2015-06,2,Monday
2015-06-09 00:00:00,2015,6,June,2015-06,3,Tuesday
2015-06-10 00:00:00,2015,6,June,2015-06,4,Wednesday
2015-06-11 00:00:00,2015,6,June,2015-06,5,Thursday
2015-06-12 00:00:00,2015,6,June,2015-06,6,Friday
2015-06-13 00:00:00,2015,6,June,2015-06,7,Saturday
2015-06-14 00:00:00,2015,6,June,2015-06,1,Sunday
2015-06-15 00:00:00,2015,6,June,2015-06,2,Monday
2015-06-16 00:00:00,2015,6,June,2015-06,3,Tuesday
2015-06-17 00:00:00,2015,6,June,2015-06,4,Wednesday
2015-06-18 00:00:00,2015,6,June,2015-06,5,Thursday
2015-06-19 00:00:00,2015,6,June,2015-06,6,Friday
2015-06-20 00:00:00,2015,6,June,2015-06,7,Saturday
2015-06-21 00:00:00,2015,6,June,2015-06,1,Sunday
2015-06-22 00:00:00,2015,6,June,2015-06,2,Monday
2015-06-23 00:00:00,2015,6,June,2015-06,3,Tuesday
2015-06-24 00:00:00,2015,6,June,2015-06,4,Wednesday
2015-06-25 00:00:00,2015,6,June,2015-06,5,Thursday
2015-06-26 00:00:00,2015,6,June,2015-06,6,Friday
2015-06-27 00:00:00,2015,6,June,2015-06,7,Saturday
2015-06-28 00:00:00,2015,6,June,2015-06,1,Sunday
2015-06-29 00:00:00,2015,6,June,2015-06,2,Monday
2015-06-30 00:00:00,2015,6,June,2015-06,3,Tuesday
2015-07-01 00:00:00,2015,7,July,2015-07,4,Wednesday
2015-07-02 00:00:00,2015,7,July,2015-07,5,Thursday
2015-07-03 00:00:00,2015,7,July,2015-07,6,Friday
2015-07-04 00:00:00,2015,7,July,2015-07,7,Saturday
2015-07-05 00:00:00,2015,7,July,2015-07,1,Sunday
2015-07-06 00:00:00,2015,7,July,2015-07,2,Monday
2015-07-07 00:00:00,2015,7,July,2015-07,3,Tuesday
2015-07-08 00:00:00,2015,7,July,2015-07,4,Wednesday
2015-07-09 00:00:00,2015,7,July,2015-07,5,Thursday
2015-07-10 00:00:00,2015,7,July,2015-07,6,Friday
2015-07-11 00:00:00,2015,7,July,2015-07,7,Saturday
2015-07-12 00:00:00,2015,7,July,2015-07,1,Sunday
2015-07-13 00:00:00,2015,7,July,2015-07,2,Monday
2015-07-14 00:00:00,2015,7,July,2015-07,3,Tuesday
2015-07-15 00:00:00,2015,7,July,2015-07,4,Wednesday
2015-07-16 00:00:00,2015,7,July,2015-07,5,Thursday
2015-07-17 00:00:00,2015,7,July,2015-07,6,Friday
2015-07-18 00:00:00,2015,7,July,2015-07,7,Saturday
2015-07-19 00:00:00,2015,7,July,2015-07,1,Sunday
2015-07-20 00:00:00,2015,7,July,2015-07,2,Monday
2015-07-21 00:00:00,2015,7,July,2015-07,3,Tuesday
2015-07-22 00:00:00,2015,7,July,2015-07,4,Wednesday
2015-07-23 00:00:00,2015,7,July,2015-07,5,Thursday
2015-07-24 00:00:00,2015,7,July,2015-07,6,Friday
2015-07-25 00:00:00,2015,7,July,2015-07,7,Saturday
2015-07-26 00:00:00,2015,7,July,2015-07,1,Sunday
2015-07-27 00:00:00,2015,7,July,2015-07,2,Monday
2015-07-28 00:00:00,2015,7,July,2015-07,3,Tuesday
2015-07-29 00:00:00,2015,7,July,2015-07,4,Wednesday
2015-07-30 00:00:00,2015,7,July,2015-07,5,Thursday
2015-07-31 00:00:00,2015,7,July,2015-07,6,Friday
2015-08-01 00:00:00,2015,8,August,2015-08,7,Saturday
2015-08-02 00:00:00,2015,8,August,2015-08,1,Sunday
2015-08-03 00:00:00,2015,8,August,2015-08,2,Monday
2015-08-04 00:00:00,2015,8,August,2015-08,3,Tuesday
2015-08-05 00:00:00,2015,8,August,2015-08,4,Wednesday
2015-08-06 00:00:00,2015,8,August,2015-08,5,Thursday
2015-08-07 00:00:00,2015,8,August,2015-08,6,Friday
2015-08-08 00:00:00,2015,8,August,2015-08,7,Saturday
2015-08-09 00:00:00,2015,8,August,2015-08,1,Sunday
2015-08-10 00:00:00,2015,8,August,2015-08,2,Monday
2015-08-11 00:00:00,2015,8,August,2015-08,3,Tuesday
2015-08-12 00:00:00,2015,8,August,2015-08,4,Wednesday
2015-08-13 00:00:00,2015,8,August,2015-08,5,Thursday
2015-08-14 00:00:00,2015,8,August,2015-08,6,Friday
2015-08-15 00:00:00,2015,8,August,2015-08,7,Saturday
2015-08-16 00:00:00,2015,8,August,2015-08,1,Sunday
2015-08-17 00:00:00,2015,8,August,2015-08,2,Monday
2015-08-18 00:00:00,2015,8,August,2015-08,3,Tuesday
2015-08-19 00:00:00,2015,8,August,2015-08,4,Wednesday
2015-08-20 00:00:00,2015,8,August,2015-08,5,Thursday
2015-08-21 00:00:00,2015,8,August,2015-08,6,Friday
2015-08-22 00:00:00,2015,8,August,2015-08,7,Saturday
2015-08-23 00:00:00,2015,8,August,2015-08,1,Sunday
2015-08-24 00:00:00,2015,8,August,2015-08,2,Monday
2015-08-25 00:00:00,2015,8,August,2015-08,3,Tuesday
2015-08-26 00:00:00,2015,8,August,2015-08,4,Wednesday
2015-08-27 00:00:00,2015,8,August,2015-08,5,Thursday
2015-08-28 00:00:00,2015,8,August,2015-08,6,Friday
2015-08-29 00:00:00,2015,8,August,2015-08,7,Saturday
2015-08-30 00:00:00,2015,8,August,2015-08,1,Sunday
2015-08-31 00:00:00,2015,8,August,2015-08,2,Monday
2015-09-01 00:00:00,2015,9,September,2015-09,3,Tuesday
2015-09-02 00:00:00,2015,9,September,2015-09,4,Wednesday
2015-09-03 00:00:00,2015,9,September,2015-09,5,Thursday
2015-09-04 00:00:00,2015,9,September,2015-09,6,Friday
2015-09-05 00:00:00,2015,9,September,2015-09,7,Saturday
2015-09-06 00:00:00,2015,9,September,2015-09,1,Sunday
2015-09-07 00:00:00,2015,9,September,2015-09,2,Monday
2015-09-08 00:00:00,2015,9,September,2015-09,3,Tuesday
2015-09-09 00:00:00,2015,9,September,2015-09,4,Wednesday
2015-09-10 00:00:00,2015,9,September,2015-09,5,Thursday
2015-09-11 00:00:00,2015,9,September,2015-09,6,Friday
2015-09-12 00:00:00,2015,9,September,2015-09,7,Saturday
2015-09-13 00:00:00,2015,9,September,2015-09,1,Sunday
2015-09-14 00:00:00,2015,9,September,2015-09,2,Monday
2015-09-15 00:00:00,2015,9,September,2015-09,3,Tuesday
2015-09-16 00:00:00,2015,9,September,2015-09,4,Wednesday
2015-09-17 00:00:00,2015,9,September,2015-09,5,Thursday
2015-09-18 00:00:00,2015,9,September,2015-09,6,Friday
2015-09-19 00:00:00,2015,9,September,2015-09,7,Saturday
2015-09-20 00:00:00,2015,9,September,2015-09,1,Sunday
2015-09-21 00:00:00,2015,9,September,2015-09,2,Monday
2015-09-22 00:00:00,2015,9,September,2015-09,3,Tuesday
2015-09-23 00:00:00,2015,9,September,2015-09,4,Wednesday
2015-09-24 00:00:00,2015,9,September,2015-09,5,Thursday
2015-09-25 00:00:00,2015,9,September,2015-09,6,Friday
2015-09-26 00:00:00,2015,9,September,2015-09,7,Saturday
2015-09-27 00:00:00,2015,9,September,2015-09,1,Sunday
2015-09-28 00:00:00,2015,9,September,2015-09,2,Monday
2015-09-29 00:00:00,2015,9,September,2015-09,3,Tuesday
2015-09-30 00:00:00,2015,9,September,2015-09,4,Wednesday
2015-10-01 00:00:00,2015,10,October,2015-10,5,Thursday
2015-10-02 00:00:00,2015,10,October,2015-10,6,Friday
2015-10-03 00:00:00,2015,10,October,2015-10,7,Saturday
2015-10-04 00:00:00,2015,10,October,2015-10,1,Sunday
2015-10-05 00:00:00,2015,10,October,2015-10,2,Monday
2015-10-06 00:00:00,2015,10,October,2015-10,3,Tuesday
2015-10-07 00:00:00,2015,10,October,2015-10,4,Wednesday
2015-10-08 00:00:00,2015,10,October,2015-10,5,Thursday
2015-10-09 00:00:00,2015,10,October,2015-10,6,Friday
2015-10-10 00:00:00,2015,10,October,2015-10,7,Saturday
2015-10-11 00:00:00,2015,10,October,2015-10,1,Sunday
2015-10-12 00:00:00,2015,10,October,2015-10,2,Monday
2015-10-13 00:00:00,2015,10,October,2015-10,3,Tuesday
2015-10-14 00:00:00,2015,10,October,2015-10,4,Wednesday
2015-10-15 00:00:00,2015,10,October,2015-10,5,Thursday
2015-10-16 00:00:00,2015,10,October,2015-10,6,Friday
2015-10-17 00:00:00,2015,10,October,2015-10,7,Saturday
2015-10-18 00:00:00,2015,10,October,2015-10,1,Sunday
2015-10-19 00:00:00,2015,10,October,2015-10,2,Monday
2015-10-20 00:00:00,2015,10,October,2015-10,3,Tuesday
2015-10-21 00:00:00,2015,10,October,2015-10,4,Wednesday
2015-10-22 00:00:00,2015,10,October,2015-10,5,Thursday
2015-10-23 00:00:00,2015,10,October,2015-10,6,Friday
2015-10-24 00:00:00,2015,10,October,2015-10,7,Saturday
2015-10-25 00:00:00,2015,10,October,2015-10,1,Sunday
2015-10-26 00:00:00,2015,10,October,2015-10,2,Monday
2015-10-27 00:00:00,2015,10,October,2015-10,3,Tuesday
2015-10-28 00:00:00,2015,10,October,2015-10,4,Wednesday
2015-10-29 00:00:00,2015,10,October,2015-10,5,Thursday
2015-10-30 00:00:00,2015,10,October,2015-10,6,Friday
2015-10-31 00:00:00,2015,10,October,2015-10,7,Saturday
2015-11-01 00:00:00,2015,11,November,2015-11,1,Sunday
2015-11-02 00:00:00,2015,11,November,2015-11,2,Monday
2015-11-03 00:00:00,2015,11,November,2015-11,3,Tuesday
2015-11-04 00:00:00,2015,11,November,2015-11,4,Wednesday
2015-11-05 00:00:00,2015,11,November,2015-11,5,Thursday
2015-11-06 00:00:00,2015,11,November,2015-11,6,Friday
2015-11-07 00:00:00,2015,11,November,2015-11,7,Saturday
2015-11-08 00:00:00,2015,11,November,2015-11,1,Sunday
2015-11-09 00:00:00,2015,11,November,2015-11,2,Monday
2015-11-10 00:00:00,2015,11,November,2015-11,3,Tuesday
2015-11-11 00:00:00,2015,11,November,2015-11,4,Wednesday
2015-11-12 00:00:00,2015,11,November,2015-11,5,Thursday
2015-11-13 00:00:00,2015,11,November,2015-11,6,Friday
2015-11-14 00:00:00,2015,11,November,2015-11,7,Saturday
2015-11-15 00:00:00,2015,11,November,2015-11,1,Sunday
2015-11-16 00:00:00,2015,11,November,2015-11,2,Monday
2015-11-17 00:00:00,2015,11,November,2015-11,3,Tuesday
2015-11-18 00:00:00,2015,11,November,2015-11,4,Wednesday
2015-11-19 00:00:00,2015,11,November,2015-11,5,Thursday
2015-11-20 00:00:00,2015,11,November,2015-11,6,Friday
2015-11-21 00:00:00,2015,11,November,2015-11,7,Saturday
2015-11-22 00:00:00,2015,11,November,2015-11,1,Sunday
2015-11-23 00:00:00,2015,11,November,2015-11,2,Monday
2015-11-24 00:00:00,2015,11,November,2015-11,3,Tuesday
2015-11-25 00:00:00,2015,11,November,2015-11,4,Wednesday
2015-11-26 00:00:00,2015,11,November,2015-11,5,Thursday
2015-11-27 00:00:00,2015,11,November,2015-11,6,Friday
2015-11-28 00:00:00,2015,11,November,2015-11,7,Saturday
2015-11-29 00:00:00,2015,11,November,2015-11,1,Sunday
2015-11-30 00:00:00,2015,11,November,2015-11,2,Monday
2015-12-01 00:00:00,2015,12,December,2015-12,3,Tuesday
2015-12-02 00:00:00,2015,12,December,2015-12,4,Wednesday
2015-12-03 00:00:00,2015,12,December,2015-12,5,Thursday
2015-12-04 00:00:00,2015,12,December,2015-12,6,Friday
2015-12-05 00:00:00,2015,12,December,2015-12,7,Saturday
2015-12-06 00:00:00,2015,12,December,2015-12,1,Sunday
2015-12-07 00:00:00,2015,12,December,2015-12,2,Monday
2015-12-08 00:00:00,2015,12,December,2015-12,3,Tuesday
2015-12-09 00:00:00,2015,12,December,2015-12,4,Wednesday
2015-12-10 00:00:00,2015,12,December,2015-12,5,Thursday
2015-12-11 00:00:00,2015,12,December,2015-12,6,Friday
2015-12-12 00:00:00,2015,12,December,2015-12,7,Saturday
2015-12-13 00:00:00,2015,12,December,2015-12,1,Sunday
2015-12-14 00:00:00,2015,12,December,2015-12,2,Monday
2015-12-15 00:00:00,2015,12,December,2015-12,3,Tuesday
2015-12-16 00:00:00,2015,12,December,2015-12,4,Wednesday
2015-12-17 00:00:00,2015,12,December,2015-12,5,Thursday
2015-12-18 00:00:00,2015,12,December,2015-12,6,Friday
2015-12-19 00:00:00,2015,12,December,2015-12,7,Saturday
2015-12-20 00:00:00,2015,12,December,2015-12,1,Sunday
2015-12-21 00:00:00,2015,12,December,2015-12,2,Monday
2015-12-22 00:00:00,2015,12,December,2015-12,3,Tuesday
2015-12-23 00:00:00,2015,12,December,2015-12,4,Wednesday
2015-12-24 00:00:00,2015,12,December,2015-12,5,Thursday
2015-12-25 00:00:00,2015,12,December,2015-12,6,Friday
2015-12-26 00:00:00,2015,12,December,2015-12,7,Saturday
2015-12-27 00:00:00,2015,12,December,2015-12,1,Sunday
2015-12-28 00:00:00,2015,12,December,2015-12,2,Monday
2015-12-29 00:00:00,2015,12,December,2015-12,3,Tuesday
2015-12-30 00:00:00,2015,12,December,2015-12,4,Wednesday
2015-12-31 00:00:00,2015,12,December,2015-12,5,Thursday
